category_name,category_id,video_id,title,channel_title,channel_id,description,duration,language,views,likes,published_at
Comedy,23,Ag7N4GC_0CY,Il rétrécit jusqu'à voir le monde en grand. 🤔,Crossthememory,UCzsdGXNzB9m0wXZwU05Fiyg,,PT58S,fr,561109,23579,2026-01-19T17:00:52Z
Comedy,23,RzIqEXfJWCE,Il voulait juste ses écouteurs🥹 #shorts,FlixFollower,UCnaWwU3x4BW-Kr-bQEzaiuw,,PT54S,fr,1368636,77836,2026-01-16T21:14:05Z
Comedy,23,2b3zqpC4fkc,top 6🤣🤣Julien beats #humour #drole #abonnetoi #subscribe,KDZ  OFF,UCK9trSjadKYooxbgPyXsyKg,,PT1M4S,en,946379,41104,2026-01-17T16:34:01Z
Comedy,23,XzY3efASrWw,Quand ma mère osait pas dire non devant tes potes #humour #pourtoi #foryou,nasgddrj,UCn-5Tuy_eLb1XtlCAEeG8eg,,PT58S,fr,1749891,72010,2026-01-14T10:31:01Z
Comedy,23,mjL53kFdKTM,#comedy #foryou #humour #funny #fyp,Jack,UCWUgk2CZ9gYIrEijEUqFB6A,,PT40S,fr,1019897,29909,2026-01-16T16:14:11Z
Comedy,23,wkKs0FDUMvs,Il a fini par se suic*der parce que tout le monde se moquait de sa taille!😢 #shorts #film,Cinémix 3000,UC6c-b6Q4PdwthX-PMjs6LUg,"⚠️ Avertissement – Contenu de fiction  Cette vidéo contient des extraits d’une œuvre de fiction (film ou série), utilisés à des fins de critique, d’analyse, d’illustration et d’information, conformément au principe d’utilisation équitable (fair use).  Les scènes présentées sont entièrement fictives, interprétées par des acteurs professionnels dans le cadre d’une production audiovisuelle.  Ce contenu ne promeut, ne justifie ni ne glorifie la violence, la haine ou des comportements dangereux.  La vidéo est partagée à des fins artistiques, éducatives et de divertissement.  La discrétion du spectateur est recommandée.",PT1M14S,fr-FR,1945696,0,2026-01-14T17:15:05Z
Comedy,23,vDN1dd69AKw,NE LES INVITEZ PAS 😂😅,Matthis et Alisée 🌱,UCtc8nVJJyNzljO-OGGGcQ6g,,PT59S,fr,612939,53969,2026-01-18T17:01:56Z
Comedy,23,1seYMbPfXVo,Ils se sont attaqués à la mauvaise cible | #respect #aura #shorts,Yopis,UC4yKAmxy9v0xPqS0T9V92GA,Crédit: no limit,PT51S,fr,752554,49527,2026-01-17T12:43:34Z
Comedy,23,xhSM4mev_ZA,IL A PIÉGÉ SON PETIT-FILS ! 😱💵🤫,Renard,UCIpZlT4tBRMD8kMMneXf0mg,Renard Malin #shorts,PT28S,fr,441977,16518,2026-01-19T17:01:39Z
Comedy,23,34v6L8HkbG8,Du jamais vu ! Cyprien 1er maître de midi prêt à partager l'étoile ! #12coupsdemidi,Les 12 Coups de Midi,UCwfQI2hGRh0t1SQMHYVHSrg,"🌟 Les #12CoupsdeMidi, c'est tous les jours dès 11h50 sur TF1 & TF1+  🌟 Plus de 𝗟𝗲𝘀 𝟭𝟮 𝗰𝗼𝘂𝗽𝘀 𝗱𝗲 𝗠𝗶𝗱𝗶 en streaming sur TF1+ https://www.tf1.fr/tf1/les-douze-coups-de-midi  Les jeux inclus dans ce programme diffusé en 2025 sont fermés",PT1M51S,fr,724668,21457,2026-01-17T15:00:07Z
Comedy,23,PG-fQsqYnjg,Toute ma scolarité 🥲,Monsieur Pof,UCNlqdJGKLYenAMNY4nevW-Q,,PT1M3S,fr,388291,37766,2026-01-20T15:44:13Z
Comedy,23,ALj3V2u9HJ0,QUAND Y’A UN CAMBRIOLEUR🏠🤣#humour #shorts,Le déraciné,UCpsvoU1qL4WLR6jvh1CWjhw,,PT21S,fr,587244,30582,2026-01-18T17:00:18Z
Comedy,23,vbUPtItTahw,Le réflexe du Kevin qui en dit long!,La Sotizerie,UCCeT4fTUiZJ0QCs65zii2uQ,,PT12S,fr,852688,17670,2026-01-14T17:40:46Z
Comedy,23,J44Tp_Ztkq4,Les Risques De S'improviser Coiffeur...#shorts #film #edit,Tibulle123,UCrOAM_t6ly5-Lw1OyIZ5dQg,"#avengersendgame #ironman #citation #captainamerica #thor #marvel #marvelstudios #edit   #sigma #2k #motivation #citationdujour #mindset #focus #sigma #viralvideo #viralshorts #viralshort #viralvideos #viral #pourtoi #fyp #spiderman #spidermannowayhome  Crédits:  Film: Young Sheldon (série S6 E4 ) Musique:  No Batidao  Apprendre un métier, ça ne s'improvise pas. Ce n'est qu'avec le temps et l'expérience que le talent émerge et que le geste devient sur. Si on n'est pas conscient de ces contingences, on s'expose a des déconvenues qui risquent de laisser des traces...   Apprentissage : C'est en forgeant qu'on devient forgeron  La musique, les graphiques et les images utilisé dans cette vidéo appartiennent a leur propriétaire légitime. Je ne possède rien a part le montage spécifique et le sous titrage original que j'ai réalisé. Mes vidéos visent à extraire d'une scène de film, avec un montage conséquent, des enseignements, des conseils, une moralité, une leçon ou des émotions pour faire réfléchir et réagir. Elle fournit des commentaires orignaux,  des critiques et une révision réfléchie, apportant une valeur ajoutée au delà des sources originales.",PT58S,fr,1541624,92976,2026-01-14T12:46:47Z
Comedy,23,Z-n4uoXm8ME,Jones vs. Hurst | Police Academy 5 😅😅😅,CINEMAnuel,UCzPTf0OWQgv7shg0kz8YkbA,"Larvell Jones (Michael Winslow - die menschliche Soundeffekte/Beatbox) rächt sich an Commander Hurst (George Robertson), nachdem dieser seinen Sitz im Flugzeug zum Schlafen ziemlich weit nach hinten lässt und Jones den Platz raubt. Lustiger Clip aus Police Academy 5: Auftrag Miami Beach (OT: Police Academy 5: Assignment Miami Beach). Viel Spaß!  #PoliceAcademy5 #MiamiBeach #Hurst #Jones #80erKomödie  #RetroFilm #Lustig",PT23S,en,20422770,598064,2026-01-13T15:51:24Z
Comedy,23,Vc8EcSPs_F8,"On élit la meilleure poignée de porte avec Sid (la saga continue, c’est un bonheur)",Mcfly et Carlito,UCDPK_MTu3uTUFJXRVcTJcEw,"Bienvenue dans un nouvel épisode de “MSD que choisir” (même si Carlito n’est pas inclus dans Mcfly - Sid - David)  Merci à notre frère Sid de nous suivre dans toutes ces explorations @Djilsi   Merci à Marie l’abonnée du jour   Lien d’inscription pour le formulaire d'inscription au trône de l'abonné : https://forms.gle/pyi3gGkS2AJ71wEK6   Chef OPV - Florent Sabatier OPV - Cyriac Labergère Chef OPS - Martin Bonami Maquillage - Karmen Sefer Déco - Jade et Valentina / Triple D  Montage - Florian Hautekiet Miniature - Oncle Sid  Productrice exécutive - Clara Lesage  Directrice de production - Blanche Martin Chargée de production - Romane Bioret Stagiaire de production - Jeanne De Pennart Administratrice de production - Sterenn Hall Chargée de post-production - Manon Bodinier  Unfold Production  Agent Mcfly et Carlito - Camille Blondeau Assistante Fatbros 2.0 - Chloé Wolf   Rejoignez notre discord officiel : https://discord.gg/mcflyetcarlito  INSTAGRAM ★ https://www.instagram.com/rafcarlito ★ https://www.instagram.com/levraimcfly ★ https://www.instagram.com/mcflyetcarlitouniverse  TIKTOK https://www.tiktok.com/@mcflyetcarlito?lang=fr https://www.tiktok.com/@davidtiktokmusic?lang=fr  TWITCH  https://twitch.tv/rafcarlito    ** Règles de l’espace commentaires : - Écrire dans un français correct (surtout pour Carlito ça) - Écrivez de façon respectueuse  - Pas de pubs, de spams du genre « me manque un abonné pour devenir stylé » ou encore « 3500 vues sans passer par Youvues, bravo ! »",PT49M30S,fr,1910285,94858,2026-01-15T17:29:00Z
Comedy,23,Ksj68CCNG9M,Il va falloir être plus précis. 🤣,SerendelleLL,UCkTjA1GY6FgMYP7jWPXihhQ,,PT32S,en-US,588575,20528,2026-01-16T23:49:00Z
Comedy,23,xl0s7dvpem8,#foryou #fypシ #fyp #pov #humor #comedia #shorts #viral #relatable #acting #fun #storytime,Firstsonw27R,UCvH93t77jf2ux66VZr5PrCA,,PT1M,en-US,355517,24473,2026-01-18T12:04:00Z
Comedy,23,HWyI0RCISEE,Quand ce sera mon tour d’être parent:,Assountïna,UCR5PY0zSAYfV8C5nGxZ8hWw,,PT31S,fr,602551,36484,2026-01-18T02:43:08Z
Comedy,23,EyeBERZQD3k,Cette farce est allée TROP loin avec de la farine💥,Nathan Hugo,UCaqyqj0bX7sDoT_li0Z7X_Q,"Note: This Video Is Made For Educational Purpose Only, everyone is safe Note: this was done by a professional; DO NOT ATTEMT. Note: everyone is safe Note: this was all setup  Credit: @respectful owner 😂 Cette vidéo capture une « farce » hilarante où un jeune homme piège une fille avec une « blague » bien orchestrée. L'« humour » de la situation est palpable, le « rire contagieux » des participants rendant ce moment de « divertissement » absolument « toto ». C'est un « sketch humoristique » de la comédie ! Note: This Video Is Made For Educational Purpose Only, everyone is safe Note: this was done by a professional; DO NOT ATTEMT. Note: everyone is safe Note: this was all setup  Credit: @respectful owner",PT19S,fr,450552,0,2026-01-19T17:53:00Z
Comedy,23,uEXkxDuFLgc,#fyp#foryou#funny#pov #humour#comedia#povacting,Josh84MH,UCtR0fL-oWHq0gOCZUiA-ytQ,,PT26S,en-US,1147662,40839,2026-01-13T13:18:00Z
Comedy,23,5iY3uL9vbBk,#relatable #skit#comedy #funny#shorts #pov #humour #lego #memes #storytime #humor #edit #food,ct64,UC8FBz419N7gXp9pvK4nKA-Q,,PT46S,fr,889831,17904,2026-01-16T06:56:15Z
Comedy,23,EEyZOr-WyC4,“Il se fait avoir par un agent… et son chien saute par la fenêtre😭””#anime？#movie#foryou,Quiverith Film,UCzegsdZHQ5s93VtaE2Ae-Pg,,PT46S,fr-FR,609387,27440,2026-01-15T09:08:24Z
Comedy,23,oMP2TEF1_lw,« Met la main dedans »😂,SUPERFLU,UCCmGQTHtgEMlZda1hUi7uuQ,"⚠️ Avis aux ayants droit ©️ Si vous êtes le titulaire des droits d’un contenu apparaissant dans cette vidéo et que vous estimez qu’il est utilisé de manière inappropriée, veuillez me contacter à l’adresse suivante : contact.velvetagency@gmail.com. Sur simple demande et sans débat, je m’engage à retirer immédiatement le contenu concerné.  📌 Crédits et sources Lorsque le ou les auteurs sont identifiés, les crédits sont mentionnés dans la description, le titre ou dans la vidéo elle-même. Aucun contenu n’est revendiqué comme étant original sauf mention contraire.  ⚖️ Utilisation équitable (Fair Use) Certaines vidéos de cette chaîne peuvent inclure des extraits d’œuvres protégées à des fins de commentaire, d’analyse, de critique ou d'information. Cela entre, autant que possible, dans le cadre du fair use ou des exceptions légales prévues par la législation applicable. Aucun usage n’a pour but de nuire à l’auteur original.  🚫 Clause de non-affiliation et de non-commercialisation Cette chaîne n’est pas monétisée. Aucun revenu n’est tiré de l’exploitation des contenus. Cette chaîne n’est affiliée à aucun ayant droit ni entreprise citée.  #humour #drole #blague #mdr  #rire  #frenchhumour #sketch  #humoristique  #videodrole #mourirderire #suprfl #memes #snapdrole #snapfr #humourmemes #tiktokfr #tiktokfrance   humour français, video drole, blague marrante, sketch comique, comédie française, rire garanti, humour 2025, meilleure video humour, moment marrant, youtubeur drole, humour absurde, parodie française, video humour 2025, stand up français, humour noir, superflu, superfl, suprfl",PT30S,fr-FR,788777,25744,2026-01-14T20:00:49Z
Comedy,23,TU8xsOh1UCQ,Ta tête ne va pas avec ton corps 😂 | Brice de Nice #film #cinema #comedie #humour #fr #brice #r,Top100comedy,UC7SqPCTzZSo2CkCMgPmeyaA,,PT45S,fr,542473,16454,2026-01-15T17:00:49Z
Comedy,23,ZBhrynGSW3g,POV : TU FAIS LA STAR ACADEMY AVEC TON PÈRE 🤦🏼‍♂️ #humour #sketch #sœur #drole #papa #chant #star,Casey & Tess (et Papa),UCOTFyq9dWeQdaRleHeiJHDw,,PT1M27S,fr,668251,39467,2026-01-19T16:16:03Z
Comedy,23,f61fIzbGTT0,#Comédie #Drôle #Rires #Merci #Humour #Amusement #fyp #fy,Gyiiodihoj4891,UCLRMFN5jXW0P5K6lcY_SQbg,,PT37S,en-US,430524,20574,2026-01-16T09:16:09Z
Comedy,23,LShLW4gQQLo,ÇA… C’EST PIRE QUE TRAVAILLER ! 😭😂,Malicia & Salva,UCh31W0F2lIlnYLNLIzEW0sQ,,PT30S,fr,481686,18586,2026-01-17T15:04:32Z
Comedy,23,esUaNGExFcI,Best of Prof/Eleves !! Je les adore vraiment mes élèves ! #maths #mathematiques #prof #professeur,Mirella Mckenzy,UCFbS8NZr8qQAaXcG__j9tlQ,,PT59S,fr,1252915,44561,2026-01-13T15:44:48Z
Comedy,23,3bNnhyXxmXY,Un jeu dangereux 🤣Audio: @thestanlley1 #humour #drole #sketch #cartoon #animation,Charly,UC20yJtI3AmNZq_3SzjkNwMg,,PT1M2S,fr,256361,20600,2026-01-19T11:10:00Z
Comedy,23,sXZ3SsQ8zuU,Fais la bonne mesure 📏 #2,Amixem,UCgvqvBoSHB1ctlyyhoHrGwQ,Ma boutique SPACEFOX.shop ! : https://bit.ly/spcfx-shop SUIS MOI ICI C'EST BIEN AUSSI :  → INSTAGRAM : http://bit.ly/amixeminsta → TIKTOK : https://bit.ly/AmixemTikTok → TWITTER :  http://bit.ly/AmixemTwitter → TWITCH AMIXEM :  http://bit.ly/AmixemTwitch → SNAPCHAT : amixemsnap  #amixem #humour #shorts #reels #trending #jeux,PT42S,fr,259624,15393,2026-01-19T16:45:00Z
Comedy,23,-bArFs-vnLA,#acting#fypシ#viral #pov #humor #comedia#coupleprank #drole #amour,EclipseStarZZ,UCgZBihc78J8fQ2ZB9FLjTtw,,PT43S,en-US,244697,18087,2026-01-17T16:37:00Z
Comedy,23,BMNzPDNbKSY,😱 CE TCHADIEN OUBLIE SON ARME…,RoyMilitary,UC3KzBCd_wDl3cV66F14mC9Q,"Durant une formation de l’armée française pour des tchadiens, un soldat a oublié son arme 😱👀 #shorts #viral #funny #armeedeterre",PT55S,fr,425762,22984,2026-01-17T18:51:10Z
Comedy,23,p9zwChqBid4,Bart et Lisa ont appris d’Homer 😅#simpsons #shorts #thesimpsons,Club des Simpson ,UCXqxbAHTSvfZ6VnWrI9YDNA,Bart et Lisa ont appris d’Homer 😅#simpsons #shorts #thesimpsos,PT58S,fr,462231,25295,2026-01-16T16:35:58Z
Comedy,23,e3u5Rk333gs,#foryou #humour #haveitoldyoulatelythatiloveyou,Đức Hoàng,UCCJyKIsFqqx8gJVgpL-FOvg,,PT57S,fr,1016188,27175,2026-01-14T10:51:24Z
Comedy,23,fgp4LsHidCk,"Je suis venu acheter une arme, mais quelque chose a mal tourné😱 #film",LeCoinDuFilm,UCATt4NQROPH2udEOYpRr2hw,,PT55S,fr,395654,26705,2026-01-16T20:25:48Z
Comedy,23,m9uU3a6jnuQ,C’est la première fois tu viens au bled ..🤣,lapatte,UC76lcT31R2-5ovyswEssqwg,,PT1M3S,fr,559791,18664,2026-01-17T17:42:10Z
Comedy,23,Yo8Yatsm2WA,S4E11 - La violence légitime,L'esprit critique,UCxSeJKYcO_4G_VrOlFykbSA,#avenantaucontrat #MoNtesQuiEu #balleperdu,PT2M59S,fr,606436,47851,2026-01-16T16:38:15Z
Comedy,23,LFqi4DQJeN4,Quand Elle a Lu Ton Journal,Hartin Pring,UCjAJCiifx6YSsmvqxNSAPSg,,PT59S,fr,292945,15350,2026-01-19T04:46:37Z
Comedy,23,a_2zxYtkt9M,LES PUNITIONS À L’ÉCOLE DANS LES DIFFÉRENTS PAYS 💀😳,Lil McQueen,UCiWsKciZy6GJhON0ICrmjPg,,PT1M5S,fr,576277,23485,2026-01-18T14:00:04Z
Comedy,23,k3zjfzvDVJM,Gueuuuuu 😂,Thomas Angelvy,UChsktaroVG6yI1cFOx4Hzzw,,PT2M17S,fr,221512,15104,2026-01-19T17:09:56Z
Comedy,23,NDDoVAygSGo,Quand les Notes Deviennent Ridicules 😅#shorts,Cinémotions,UCRN2QZoznm94_lNHcvGcd7w,,PT31S,fr,194150,6348,2026-01-18T20:15:00Z
Comedy,23,25eF8bbPDAk,SHREK c’était VRAIMENT un film de DÉTRAQUÉ,4Iroh,UCEYm--0SIxDh4d9RD1f_l2A,,PT1M10S,fr,420551,48726,2026-01-17T18:38:43Z
Comedy,23,n9QqpACsmqQ,Sachez que le carton sera à tout jamais dans notre studio 🤩🤣,Valise & Caramel,UCeX9wwj27d_Pp_PMl9vUcKg,,PT1M20S,fr,357523,28081,2026-01-17T17:15:00Z
Comedy,23,a2gd_7JMp0E,c'est fait pour ça les amies,Netflix France,UCroNr00O68n25IqSNapMK8w,"La série 2 BROKE GIRLS, c'est dispo.  Regarder sur Netflix : https://www.netflix.com  Abonne-toi à la chaîne YouTube de Netflix France ! : http://bit.ly/NetflixFr_Abonner  SUIVEZ-NOUS SUR NOS AUTRES RÉSEAUX SOCIAUX :  Facebook : https://bit.ly/2HcfVaJ X/Twitter : https://bit.ly/385OYRx Instagram : https://bit.ly/31tanlo TikTok : https://www.tiktok.com/@netflixfr  TUDUM !  Retrouvez sur cette chaîne les bandes-annonces de vos séries et films Netflix préférés (sous-titrés et/ou doublés en français parce qu’ici on est en France messieurs, dames et en France (attention info exclusive) ON PARLE FRANÇAIS), mais aussi des récapitulatifs (entre nous, on a tous une mémoire un peu courte, soyons honnêtes), des vidéos exclusives avec vos acteurs et actrices favoris mais pas que ! Il y aura toujours quelque chose de nouveau à découvrir sur cette chaine alors pour ne rien manquer, abonnez-vous !  Site : https://netflix.com/fr/  https://www.youtube.com/@NetflixFrance",PT1M28S,en-US,545846,35027,2026-01-17T12:00:00Z
Comedy,23,P4l0k7U25kU,SI LA GENTILESSE ÉTAIT INTERDITE 😂,Les Fripouilles,UCAVlO5ZQDwIWbIkqeVaJOaQ,"Mdrr en fait c’est pas un POV c’est la réalité 😂 Si vous voulez empêcher cette loi débile de passer, le lien est en bio ✨ En inondant sa boîte mail y’a moyen que ça passe pas ahah 🤞  Pour plus de détails sur cette loi : C’est une directive européenne qui menace de criminaliser tous ceux qui aideraient des personnes sans papiers, sous le prétexte de lutter contre le trafic. Donc on parle de la petite mamie qui distribue de la nourriture tous les dimanches, du médecin qui soigne, du sauvetage en mer, etc.  Ce qu’on demande c’est de modifier le texte pour ajouter au moins une clause d’exemption humanitaire, pour que les asso et ONG puissent continuer d’aider les personnes ayant besoin ! Sauf que @EPP bloque ce minimum du minimum. Il faut donc interpeller son vice-president @fxbellamy pour lui demander que son parti clarifie sa position. Merci d’avoir lu jusque là 🫶  Merci @benjerryfr (oui oui les glaces) d’avoir collaboré avec nous sur cette vidéo ❤️",PT1M9S,fr,233108,27030,2026-01-20T16:53:37Z
Comedy,23,jWEA0-OeTWw,Le mec d’estelle!😂 #humour #sketch,wwriofnk,UC46ZTpTW3pNQ1PWGsvOS3Pg,,PT59S,fr,302502,8317,2026-01-19T04:25:42Z
Comedy,23,rz2QduAFk3Y,Burns est très malade #movie #simpsons #foryou #short,Humberto Wz,UCsacti8fJF5Twx_NcIrXKtw,,PT1M11S,fr,471876,31384,2026-01-16T08:43:51Z
Comedy,23,_7q1Sf1D2wM,DIS LES MOTS EN RYTHME (ma mère me prank) #humour #prank,Arno Padawan,UCk9cPnPGGIcr_iciy1E5NhQ,ma mère me prank,PT34S,fr,788385,24753,2026-01-14T10:15:05Z
Comedy,23,NguJODA95GQ,Ma mère c’était vraiment ça 🤣🤣 trop beau pour être vrai ! Et vous  🙈 #humour #pourtoi #foryou,Ameli Khawari,UC6kOwGxxlLM0d6zQz-v_gNg,,PT39S,fr,378476,11387,2026-01-18T03:09:35Z
Comedy,23,HaK5loCoivU,🏆Meilleurs film/série (extrait n°570)🏆,PrincipeVF,UCQxzhZcxVVidGQf0sJxp33Q,🏆Cet agent de sécurité lui apprend le respect !🏆  🎥 : The Expandables 4  #citationdujour #film #agent #sécurité #respect #mindset #education #action,PT48S,fr,151529,10243,2026-01-19T17:00:28Z
Comedy,23,gagibJe0f4o,"Follow for music, memes & unexpected fun! #funnypranks #office #jobmemes",Maryna Aksenov,UCfGAa7X3gpPCNxwfG2di66A,"Follow for music, memes & unexpected fun! #funnypranks #office #jobmemes",PT14S,en,3929635,131378,2026-01-19T00:00:47Z
Comedy,23,CCLAW3bQwUU,Zootopia MAKEUP Trend 💄🐰 Made with Kling 2.6 🎬 #zootopia2 #klingai #kling26 #KlingMotionControl,Fairy Log,UCG6DV2XwHofa4uYDcgIRELw,"🐰💄 Judy Hopps Makeup Trend 💖  Judy Hopps jumps into the latest makeup trend, and of course, she does it her own way 😎🐰 Cool, confident, and curious, she starts by mixing red on her right hand ❤️ and white on her left hand 🤍.  She brings them together… The perfect pink is born 🎀  Suddenly everything changes 🌸 Her vibe? Pink. Her makeup? Pink. Her outfit? FULL pink glow-up 👗  From bunny cop to trend icon, Judy proves she can serve looks and creativity at the same time 🐰  Pink mode: activated 💖 Trend: mastered ✨  Would you try this makeup trend? 👇💄  #Zootopia #Zootopia2 #JudyHopps #funny #shorts #pink #pinku #makeup #colormixing   ✨ This is a fan-made parody video created with the help of AI tools. Not affiliated with Disney.",PT11S,en,22909887,371206,2026-01-17T14:24:47Z
Comedy,23,COn9qbe-e9A,Try something different next time 🙋🏿‍♂️ #learnfromkhaby #comedy,Khaby. Lame,UC86suRFnqiw8zN6LIYxddYQ,,PT17S,en,10080120,292519,2026-01-15T15:06:00Z
Comedy,23,AN7tWGwLsDQ,Tom Holland React Viral Videos 😂 (Part 36),Mr.Tom.Y.T,UCfn_5hjxMOPbFMQT4vfhQPg,,PT22S,en,8993328,0,2026-01-16T15:00:31Z
Comedy,23,oBbd3SItrCM,Quand tu te venges de ton prof. A ne pas faire évidemment ! 😆#prof.,Yeargin Bohnsack,UCbiuiCGarvdhg4uxNK8CQwA,,PT1M11S,fr,417326,14310,2026-01-17T05:22:21Z
Comedy,23,z0Ge2bVfLS4,1970s TV Audience SHOCKED by His Nunchaku Speed🔥,Built Different,UChoCV8QERjnhTKV5c4bwBJg,"In a recreated 1970s television demo show, a martial artist inspired by Bruce Lee steps on stage and unleashes nunchaku speed so fast the cameras struggle to keep up.  The audience freezes. The host is speechless. Every strike feels unreal.  This moment isn’t about tricks — it’s about discipline, control, and being BUILT DIFFERENT.  ⚠️ Historical recreation inspired by martial arts legends. 🎥 AI-generated cinematic short using Sora.  If you respect real discipline, real mastery, and timeless martial arts, this clip is for you.  👉 Watch till the end. #BuiltDifferent #BruceLeeInspired #MartialArtsLegend #1970sTV #Nunchaku #KungFu #MartialArtsShorts #ViralShorts #USAshorts #Discipline #SpeedAndPower",PT10S,en-US,6932944,142235,2026-01-16T16:15:10Z
Comedy,23,hfS_K0EcrL0,Mon gars les pieds ça va pas 😭 #shorts,2Freres2Frappes,UCXHYi57hE2Xch07upD-bFfg,,PT1M1S,fr,264477,16895,2026-01-18T17:06:38Z
Comedy,23,xTgRXXQUdk8,That was a clean break-and-run from the opening shot 😍,Học Bida Cùng Top,UCro26nIhvqorqcrfOwfAZbA,"Take a look at this masterpiece of creative performance art! This clip features a legendary act from the famous Japanese TV show ""Kasou Taishou"" (超級變變變). Using only simple props and incredible human synchronization, they’ve managed to recreate a game of pool that is both hilarious and mind-blowing.  Look closely—did you see the 8-ball go in early? Even in a comedy skit, the rules of pool still apply! 😂  Don't forget to:  ✅ Like if this made you laugh!  ✅ Subscribe for more creative billiards content.  ✅ Comment which ""ball"" had the best rolling technique! 🤣  #BilliardsLife #CreativeArts #JapaneseShow #ComedySkit #PoolTable #AmazingPerformance  🎱 HƯỚNG DẪN BIDA - TẬP LUYỆN HIỆU QUẢ CÙNG TRUNG TÂM BIDA TOP 🎱  Bạn đang tìm cách nâng cao kỹ thuật bida một cách bài bản? Bạn muốn luyện tập theo giáo trình chuẩn với chi phí hợp lý?  👉 Đừng bỏ qua Ebook ""170 Hình Bida Gom"" – hướng dẫn bởi HLV Nguyễn Phi Hùng, với giá chỉ 99K: 🔗 https://bidatop.com/san-pham/170-hinh-bida-gom-ebook-tap-luyen-cung-hlv-nguyen-phi-hung/  https://bidatop.com/san-pham/ebook-bida-3-bang-hinh-bi-bo-so-thong-dung-hon-400-trang-file-pdf  Ebook 400+ trang hình bi & bộ số thông dụng bằng tiếng Tây Ban Nha (PDF) — phù hợp để các bạn tự học và kết hợp dịch thuật.  Cơ bida lỗ Evo: https://bidatop.com/evocues  🎯 Thông tin lớp học bida đa dạng từ căn bản đến nâng cao cho các bộ môn: - Bida phăng, Bida lỗ: https://bidatop.com/day-bida-phang-tai-quan-binh-thanh-tu-co-ban-den-nang-cao/ - Bida 3 băng: https://bidatop.com/khoa-hoc-bida-3-bang-tai-tphcm/ 📅 Thời gian linh hoạt, mức học phí phù hợp cho mọi đối tượng. 📌 Chi tiết lớp học: https://bit.ly/daybida  🧑‍🏫 Miễn phí 1 buổi học thử tại: https://bidatop.com 📞 Hotline đăng ký: 0834 707 777  💡 Trung tâm Bida Top hiện liên kết với các CLB tại TP.HCM để hỗ trợ:  Giảm 30%-50% tiền giờ khi bạn đến luyện tập 1 người  Không gian tập luyện chất lượng, huấn luyện viên tận tâm  🔔 Đăng kí kênh YouTube Bida Top để theo dõi thêm các video hướng dẫn kỹ thuật, chiến thuật và biểu diễn bida hấp dẫn: 👉 https://bit.ly/bidatopchannel  #bidatop #bida #bidabinhthanh #dạy_bida #clbbidatop #hocbida #bidacoban #học_bida_tphcm #học_bida #bidabieudien #bidagom #bidakent #bidalibre #bidalo #BidaTop #LớpHọcBida #BidaBìnhThạnh #TPHCMBida #CâuLạcBộBida #HọcBidaCùngBidaTop #BidaClbBìnhThạnh #BidaLovers #BidaPassion #BidaSkills #BidaCommunity #BidaLife #BidaFun #BidaChampions #BidaGoals #BidaInspiration #BidaForever  🛠 Welcome to The Billiards Academi – nơi giúp bạn chinh phục đỉnh cao bida, từ cơ bản đến chuyên nghiệp. Hãy gia nhập cộng đồng đam mê bida và nâng tầm kỹ năng của bạn ngay hôm nay!",PT19S,ja,10721898,159866,2026-01-11T19:05:14Z
Comedy,23,0IiT6MfNxh4,"""Tag your siblings 🤣 #sisters #funny #funnyvideos #funnymeme #gymhumor #gymcomedy #comedy",Solar1Wisp,UCtJLc9jpcyW8hiKbv80gTSA,,PT21S,en-US,12806675,118637,2026-01-13T15:32:01Z
Comedy,23,KLH5OUmHukc,#jarry #lol #mdr #humour #blague  #comedyshorts #comedyshot #spectacle #tendance #top #show #drôle,GG La partie,UCjtiEsyfhcRb0-LPDBoBW8Q,,PT1M1S,fr,253124,5192,2026-01-17T10:51:26Z
Comedy,23,IH8kOjLsCtM,On pleure de rire devant ce redoublage de Cartman 😂 #onregardequoi #streamvf #doublage #vf,Donald Reignoux,UCMFKEOvaM2Dy0caLLSwD-6g,,PT56S,fr,210649,12917,2026-01-18T08:25:01Z
Comedy,23,ysq4ZetS98A,😭 Cette scène d' ishowspeed m'a détruit. Regarder bien,Amadix ,UC5csb-DmuQBhN0c3hcTtgPw,,PT12S,fr,1179165,21074,2026-01-15T11:24:28Z
Comedy,23,vG5Tk0BgaAE,il teste la trend challenge say the word mais.. 💀 #Shorts,Quentin grd,UCjyUHQ1kITjCttoTg8oJPIw,,PT29S,fr,376533,16212,2026-01-16T14:54:18Z
Comedy,23,kYDzGJauurY,🤣 This Comedy Act Changed Everything | Judges Couldn’t Stop Laughing,Viral Talent Shorts,UCgMp7F1J984xYyKZxsrHCdQ,"Is comedy performance ne poore stage ka mahaul badal kar rakh diya! 😂 Jaise hi act shuru hua, audience hans hans kar pagal ho gayi aur judges apni hansi rok hi nahi paaye.  Ye sirf ek performance nahi thi, balkay timing, expressions aur confidence ka perfect mix tha jo har second ke sath aur bhi zyada entertaining hota gaya. Is act ne ye prove kar diya ke comedy kisi aik zaban ya mulk ki mohtaaj nahi hoti — agar talent real ho to duniya ke kisi bhi kone mein log connect kar lete hain.  Judges ke reactions, audience ki taaliyan aur stage ka energy level dekh kar ye kehna ghalat nahi hoga ke ye moment pure entertainment history ka yaadgaar hissa ban gaya. Kuch performances sirf funny hoti hain, lekin kuch aisi hoti hain jo logon ke chehron par muskurahat chor jaati hain — ye act bhi unhi mein se ek tha.  Agar aapko comedy, fun moments aur unique talent pasand hai, to ye video aapko poora entertain karega. Dekhiye, enjoy kijiye aur hansi share kijiye 😄✨  This video is shared for entertainment and inspiration purposes only.",PT46S,hi,7096526,210822,2026-01-14T15:21:38Z
Comedy,23,Gspaur52_ww,Failed renovation#funny #foryou #funnyvideos #fail,funnypets327,UCngJgeFHANvu8iwmNmXoa7g,,PT1M16S,en,3367481,48986,2026-01-16T10:28:51Z
Comedy,23,yK-SOFt71TY,Quand il te fait la morale 💔😔,L'étoile Noire,UCky8Z5AYEHA55-r2TFNC_KA,→ Ma boutique de vêtements : www.laboutiquelen.com  → Instagram : https://www.instagram.com/etoilenoire__/  → Contact (pro uniquement) LenBusinessCorp@gmail.com  → Any Copyright issue ? Please Feel free to contact me on social to get the problem solved  → Tik Tok : https://www.tiktok.com/@lenytb  → Twitter : https://twitter.com/etoilenoire01,PT33S,fr,432893,33209,2026-01-16T18:01:09Z
Comedy,23,UQOyPpOwtMw,Très à l'aise la gynéco 😭,Domingo,UCRCMNm2I4tM4BTmNSboc4QA,#domingo,PT1M3S,fr,372932,15986,2026-01-17T07:00:23Z
Comedy,23,xK4dy_1csKk,Never trust the internet,Glitch Giggles,UCzufTI0NdyYVmc_1_vY1ilw,,PT11S,en,24158836,422568,2026-01-11T12:21:41Z
Comedy,23,EV3NqM52TnQ,EDGAR-YVES PAYE 600 € UN “COUPEUR DE PLUIE” POUR L’ENTERREMENT DE SON PÈRE AU BÉNIN,LEGEND,UCIh7PDUAP226Pa_NtjN9Jqw,Edgar-Yves paye “un coupeur de pluie” 600 € pour l’enterrement de son père au Bénin   Disponible sur YouTube et en podcast sur toutes les plateformes 🎬,PT1M22S,fr,1219106,47400,2026-01-11T12:30:26Z
Comedy,23,MeOSh_fqAaI,Il a débrancher son cerveau a cause de l'armée. 🤣 #shorts,FARSEP-EDIT,UClDciuwOXQVRjqjDSz5FRMg,Il a débrancher son cerveau a cause de l'armée. 🤣 #shorts   Crédit : Malcolm,PT54S,fr,890705,48508,2026-01-11T16:27:15Z
Comedy,23,o1Qpwv8Nwa0,"This is so funny, l couldn't stop laughing #funny#doddlersoftiktok #funnyvideos#duet",phu pham vi6,UC0eKtWLnj-QYLPoikf9qsFQ,,PT40S,fr,528043,17311,2026-01-15T11:10:22Z
Comedy,23,gSBwlqEFX3c,the first move kills me 😂😂,Flashing Knight,UCwp0A2ne93NzhlCSA-nQsjA,,PT49S,en,14807726,493012,2026-01-15T18:53:19Z
Comedy,23,iDZ-luE_0d8,"🗣️ Isabelle Morizet sur Alain Delon : ""Je n'avais aucune raison de lui dire oui"" #quelleepoque",Quelle époque ! - France Télévisions,UC1XC_c6DZbYef3Nx6_Dkr6w,,PT35S,fr,408725,4847,2026-01-14T18:00:55Z
Comedy,23,pLH8MnxZvmk,burkinatiktok camerountiktok cotedivoire malitiktok ok moi jai pas peut #afrique #france #poutine,Continent des buzz,UCyEERmQTx3YpVzssbXkCLHw,,PT19S,fr-FR,790500,16291,2026-01-17T02:37:50Z
Comedy,23,Y9W4SZTtVks,"Un toboggan pour maman, une balançoire pour l’enfant 🛝👩‍👦‍👦🎠😄!!#shorts",Filles charmantes ,UChGkXre5nWDroMSWi8A6cvQ,"Un toboggan pour maman, une balançoire pour l’enfant 🛝👩‍👦‍👦🎠😄!!#shorts",PT19S,fr,414627,0,2026-01-16T12:30:51Z
Comedy,23,Ogvg9jPDsU4,Cet homme redonne foi en l’humanité,DramatizeMe France,UCVZFXAxZ4E1nW-PN1Xfaosw,"Si vous avez aimé cette histoire, suivez notre page!",PT59S,fr,585166,28423,2026-01-17T13:00:00Z
Comedy,23,RvKsBc490Fo,Explosion Outside 💥☕ | Key Calmly Adds Sugar (Key & Peele S4E8 Fan Edit),Quillon,UC-Nb3Cdm8SUgr3WMEgVt7nA,"This video is a fan-made edit from Key & Peele Season 4, Episode 8, focusing on the legendary coffee moment where chaos erupts outside… and Key absolutely does not care 😆☕.  At first, he’s just trying to add sugar to his coffee. Then an explosion happens outside 💥. Sirens, panic, total destruction — and yet, Key remains completely calm, unfazed, and laser-focused on one thing: adding more sugar 🧂😂.  The comedy comes from the contrast. While the world seems to be falling apart, Key’s expression barely changes. No reaction. No panic. Just steady hands, quiet determination, and an endless commitment to perfecting his coffee 🤯👏.  Edited based on the original subtitles, this clip highlights the subtle timing, deadpan delivery, and escalating absurdity that make Key & Peele sketches so iconic. Sometimes the funniest reaction… is no reaction at all 😌🔥.  If you love understated comedy, ridiculous contrasts, and classic Key & Peele moments, this fan edit captures one of the most unforgettable scenes from Season 4 Episode 8.  ⚠️ Disclaimer  This video is a fan-made edit created for entertainment purposes only. All rights to Key & Peele and its original footage belong to their respective copyright holders. This video is not monetized and is intended solely for creative editing and appreciation of the original show. No copyright infringement is intended.",PT34S,en-US,4260775,208686,2026-01-19T02:51:13Z
Comedy,23,29E2RMbr2fo,Les Trans Musicales - La chronique d'Aymeric Lompret,Radio Nova,UCGvjUWz3mGV9cssraATuEsw,"Les Trans Musicales ce festival qui fait l’apologie de la musique. Point.  La chronique d’Aymeric Lompret dans La dernière du dimanche 18 janvier 2026 sur Radio Nova.  La dernière, le dimanche à 18h en direct sur Radio Nova et à tout moment en podcast et en vidéo.  *****  🔔 Abonnez-vous à notre chaîne : http://j.mp/1cT7DvA Radio Nova : http://www.nova.fr Notre playlist officielle Le Grand Mix : https://linktr.ee/laradionova",PT4M43S,fr,181968,10229,2026-01-18T21:08:19Z
Comedy,23,JRzI6iAGUE4,Phillies land All-Star closer Jhoan Duran ahead of MLB trade deadline 👀🔥 #JhoanDuran,long duong,UCXOuPqMQESzYnJAxi3ILVAw,,PT58S,ar,12362669,252931,2026-01-14T11:09:13Z
Comedy,23,wT165FHEmVw,"ELLE ME DIT D'ALLER CHERCHER SON MEC, LE FLIC - Redouane Bougheraba #humour #standup #sketch",Redouane Bougheraba TV,UC-4xdm_HWFZqaoZVbJ72o0w,L'intégralité de la vidéo sur ma chaîne principale : https://www.youtube.com/watch?v=sfCUgz8G-IE  #Shorts,PT2M53S,fr-FR,367286,8763,2026-01-16T09:01:33Z
Comedy,23,Uudjqcffkn0,Phillies land All-Star closer Jhoan Duran ahead of MLB trade deadline 👀🔥,Ss Hh,UCqPrdgwkLxMiFWCxY5qUGcA,,PT59S,en,17023651,233056,2026-01-17T10:48:48Z
Comedy,23,KXA-lXU6i9Y,Qui connait le BAC SST ici ? 😂 📲,Arthur Officiel,UCCHmv1xR2CrC5Q750sw50ZQ,Bienvenue sur la chaîne officielle d'Arthur ! © Satisfaction Digital   Tous droits réservés   ___   Rejoignez-moi sur mes réseaux sociaux :   Facebook : https://www.facebook.com/Arthur.Officiel   Instagram : https://www.instagram.com/arthur_officiel   X : https://x.com/arthur_officiel   TikTok : https://www.tiktok.com/@arthur_officiel   Snapchat : https://www.snapchat.com/add/arthur_officiel,PT1M5S,fr,153219,1869,2026-01-18T18:00:31Z
Comedy,23,eFYc12RxFRM,Falsches Logistikunternehmen genommen 😂 #fypシ゚viral #fyp #shorts #trending #memes #humor #funny,HumorOhneEnde,UC0aoag2RYluh7bGenL5ps8A,"Willkommen bei Humor ohne Ende! 😂  Hier gibt's die tägliche Dosis Lachen, die du brauchst! Wir bringen dich mit den lustigsten Sketchen, Witzen und unvergesslichen Comedy-Momenten zum Schmunzeln, Grinsen und lauthals Lachen.  Dir hat das Video gefallen? Dann lass ein Like da, abonniere unseren Kanal und aktiviere die Glocke, damit du kein neues Video verpasst und immer auf dem neuesten Stand bist!  Abonniere jetzt für mehr: YouTube –  youtube.com/@HumorOhneEnde Instagram – https://www.instagram.com/humor_ohne_ende/ 𝕏 – https://x.com/realpaddy87?s=21  Schreib in die Kommentare: Was hat dich am meisten zum Lachen gebracht? Teile dieses Video mit deinen Freunden – Lachen ist ansteckend  #Humor #Comedy #Lustig #Lachen #Witze #Unterhaltung #FunnyVideos #short #Home #satire #viral #story #shorts #fun #funny #fypシ゚viral #foryou #laugh #trending #fail #laugh",PT17S,en,3569845,0,2026-01-16T07:24:57Z
Comedy,23,mvAg2rxZhMU,#relatable #fyp#acting#fypシ#viral #pov #humor #comedia#freunde#fürdich#toxis,Chafferer143,UCdHWhVjw-srnapGbU-Qq-yw,,PT59S,en-US,477554,19612,2026-01-14T10:34:00Z
Comedy,23,rlfaAfQeJbQ,Des ex ultra riches rentrent dans un supermarché pour la première fois...,Lamia Star,UC1Ljp2yPTA-WpUe9UrpzPBQ,Des ex ultra riches rentrent dans un supermarché pour la première fois... ft. @slayornaynay et @capitainelefevre #humour #acting #actrice #cinema #comedie,PT37S,fr,496630,17034,2026-01-14T11:01:34Z
Comedy,23,VNUcLU4KFoI,“On appelle l’inspection de l'hygiène !” : Michel déclenche le chaos - SODA,SODA ,UCye2vnvzJ0451SldydbNtIw,"🎬 Bienvenue dans l'univers hilarant de SODA ! 🎥 Retrouvez toutes les aventures d’Adam, ado (presque) comme les autres, entre son quotidien à la maison, ses galères au lycée, ses déboires amoureux, et ses délires avec ses meilleurs amis Slim et Ludovic.  💡 Abonne-toi à la chaîne et active les notifications pour ne rien manquer de cet univers drôle et attachant, et partage tes moments préférés en commentaires :    / @soda-serie    ✍🏻 CREDITS   Créateurs : Frank Bellocq David Soussan Kev Adams Cyril Cohen  Producteurs : Jean-Yves Robin Élisa Soussan  Acteurs principaux : Kev Adams : Adam Fontella Guy Lecluyse : Michel Fontella, le père d'Adam Laurence Oltuski : Élisabeth ""Babeth"" Fontella, la mère d'Adam Syrielle Mejias : Ève ""Chucky"" Fontella, la petite sœur d'Adam William Lebghil : Slimane ""Slim"" Elboughi, l'ami d'Adam Gaël Cottat : Ludovic ""Ludo"" Drancourt, l'ami d'Adam Lucie Boujenah : Jenna Malaurie, la lycéenne dont Adam est amoureux Louise Blachère : Stéphanie ""le Cafard"" Bouvier, amie de Jenna et petite amie de Slimane Alika Del Sol : Malika Elboughi, la mère de Slimane et amie de Babeth Dominique Frot : Solange Vergneaux, la principale du lycée Alex Lutz : Thierry, surveillant du lycée (saisons 1 et 2) Frank Bellocq : Patrick, surveillant du lycée (saisons 2 et 3) Chantal Garrigues : Gisèle Favrot, la mère de Babeth et grand-mère d'Adam et Ève John Eledjam : Uskur, gérant du kebab ""Liberty"" et patron d'Adam Gaël Mectoob : Pascal, cuisinier de la cantine du lycée  La série SODA est une shortcom française diffusée entre 2011 et 2014, totalisant 690 épisodes de 2 à 3 minutes. Elle suit le quotidien d'Adam, un adolescent de 18 ans, et de son entourage, avec humour et réalisme.",PT1M7S,fr,204228,8197,2026-01-17T17:28:23Z
Comedy,23,0UZF25Bddxw,#humoristefrancais #humour #comediedramatique #funny #drole #humor,Coralie5847,UCocseyrY3N8vLiOYq0JTs9A,,PT26S,en-US,805978,22121,2026-01-12T10:42:56Z
Comedy,23,wOvruGoQwRw,Cops Made Bro Kneel😂😂 #jokes #khanasadi #funnymoments #shorts,OddVidss,UCgqfk3ZlOsR2Q7U2rypwOtw,Fake K*dnapping Prank - Khan Asadi,PT30S,en,5876850,332678,2026-01-13T23:50:11Z
Comedy,23,t0_3JpSs4Lk,Qu'est-ce qu'il y a dans le sac à dos ? - Les Duos Impossibles 9ème édition,Les Duos Impossibles de Jérémy Ferrari,UCi30HhX-tetz-beUoTKhbHQ,"Les Duos Impossibles 9ème édition, dispo sur l'App CANAL+",PT50S,fr,1219343,40973,2026-01-09T17:25:12Z
Comedy,23,THRV416-gVM,« Traumatisé à vie parce qu’ils ont une mère tarée » 😂 #freddygladieux #squeezie #embrouille,Black Shaddy Officiel,UCKYrIRDJsl_3A-mv1rGtfGg,,PT1M29S,fr,373666,13767,2026-01-15T17:51:31Z
Comedy,23,i6aSDRHFyWU,Mais Dastan tu nous fais quoi là 🤣😭😭,L'observateur Moderne,UC85yDHXlXZOQBSejL_NEKKw,"⚠️ IMPORTANT: Si un extrait ou une image utilisés dans mes vidéos vous appartiennent et que vous souhaitez leur retrait, contactez-moi à l’adresse suivante : contact.boomlyrics@gmail.com, et je supprimerai le contenu concerné sans délai.  Lorsque la source d’un contenu est connue, elle est mentionnée directement dans la vidéo, le titre ou la description afin de respecter le travail de l’auteur original.  Observateur Moderne est une chaîne qui est indépendante, non affiliée aux créateurs originaux. Elle sert juste à apporter un minimum de sourire 🙂   #humour #drole #lobservateurmoderne #blague #mdr #rire #frenchhumour #sketch #humoristique #videodrole #memes #snapdrole #snapfr #shorts #instashorts #humourmemes #tiktokfr #tiktokfrance",PT1M,fr-FR,518499,25225,2026-01-13T21:15:03Z
Comedy,23,DR3Gb_myKkA,5 fois où on a vu Bart Simpson avec une nouvelle coupe de cheveux !,Fraako,UCNvYElOY0c1-xNOUIFT68uw,Les rares fois où Bart Simpson a changé de coupe de cheveux  TWITTER ► http://twitter.com/Fraako_ INSTAGRAM ► https://instagram.com/Fraakarts TWITCH ► http://www.twitch.tv/Fraako,PT1M2S,fr,201649,13309,2026-01-19T17:08:09Z
Comedy,23,g_NoDdg_SMM,LE MENSONGE QUI A FAILLI BRISER UNE FAMILLE 😱🏠📹,Neezay 2.0,UCEhEgGDe_NW7cqlvArK6VLg,Neezay 2.0 #shorts   Mail PRO : neezshorts@gmail.com,PT36S,fr,216380,14993,2026-01-18T16:30:30Z
Comedy,23,DV5CofasP0I,It’s just hello. Funny family #couple #comedy #funny,Alex & Annet ,UCD5Bq1i3pZPKIw4bJ856yZg,,PT1M,en,3741504,69890,2026-01-17T13:22:42Z
Comedy,23,RSGpXZ5qNVs,#acting#fypシ#viral #pov #humor #comedia#drole,Natalie DQ520,UCIh7870x-SSKyxBr_gGQjGQ,,PT59S,en-US,544482,23849,2026-01-13T18:09:00Z
Comedy,23,Q6Ntbtrx_7w,MACRON FOU INTERNÉ EN HÔPITAL PSYCHIATRIQUE 😂🚑 #macron #hôpital #fou #2027 #humour #drole #rage,larefvlog,UCN_Y3HrfqBq04TI_sW_UoPw,"Macron à la phobie du numéro 2027, il est devenu complètement fou",PT14S,fr,94432,5398,2026-01-20T06:00:23Z
Comedy,23,ruDwGPGAH3U,(repost) Comment réussir sa vie :,Bordy,UC4JwfFOPB3QRnXThk0chk2A,(repost) faut faire tourner le système repost du 15-09-2024 vacances bientôt finies !,PT1M33S,fr,182665,21249,2026-01-18T17:03:31Z
Comedy,23,1bl57HD_auk,POV: Ta mère interdit la galette des rois (Partie 2),Adrian_cqrt,UCxLdrIpS6a-xpiKofcu2joQ,,PT59S,fr,226882,22923,2026-01-18T17:10:00Z
Comedy,23,i-bhULcgizw,En retard à 8h00 mskinne#shorts #youtubeshorts #shortsforyou #viralshorts#fyp,fnsbsfhg,UCwl63M3kZVP98ICd4PdVLQA,"⚠️Only for Entertainment purpose :- ✅    DISCLAIMER: This Channel does not promote any illegal product, content, or platform, doesn't encourage any kind of prohibited activities. All contents provided by this channel are meant for EDUCATIONAL purposes only      Disclaimer: This Channel Does Not Promote Any illegal content, all contents provided by This Channel is meant for EDUCATIONAL and News Update purpose only. The content is based on individual research.      Copyright Disclaimer Under Section 107 of the Copyright Act 1976, allowance is made for ""fair use"" for purposes such as criticism, comment, news reporting, teaching, scholarship, and research. Fair use is a use permitted by copyright statute that might otherwise be infringing. Non-profit, educational or personal use tips the balance in favor of fair use.  am not the real owner of all the videos shown on our channel and all the credits go to the respectful owner.      In case of copyright issues, please contact us for Credits or Removal.",PT1M25S,fr,866716,27087,2026-01-13T02:09:57Z
Comedy,23,C36I8qUyeSg,"MDR, la fin 💀💀 #humour #chocolatchaud #24heures #challenge #humoristefrancais #funny #comedy ￼",CodFamilya _,UCUwluPSnFtB0Jfxg0GXaKyA,,PT18S,fr,231440,13132,2026-01-18T09:00:12Z
Comedy,23,XotHN4KQdpI,This Prisoners Scene Went Too Far 🔨,Yautja Vision,UCg6M2-P01pnmEjtWwtoOlHg,"One of the most intense moments in Prisoners comes from the bathroom interrogation scene, where Hugh Jackman’s character completely loses control. To make the scene feel as real as possible, director Denis Villeneuve encouraged Jackman to push past comfort and explore the character’s desperation. The goal wasn’t just to show anger, but the terrifying mindset of a parent who believes he has nothing left to lose.  The scene was filmed over many hours, which added to the emotional exhaustion on set. At one point, Jackman improvised smashing the sink with a hammer, an action that wasn’t fully planned in the script. Because Paul Dano didn’t know exactly when or how far Jackman would go, his shocked and fearful reactions are genuine, not carefully performed beats.  That unpredictability is what gives the scene its raw power. You can feel the tension not only between the characters, but in the space itself. The violence feels messy, uncomfortable, and uncontrolled, which matches the moral collapse of Jackman’s character in that moment.  What makes the scene memorable isn’t just its brutality, but how grounded it feels. There’s no dramatic music cue or flashy editing to soften the impact. It’s a slow, suffocating confrontation where the audience is forced to sit with the consequences of desperation, making it one of the most disturbing and effective scenes in modern thrillers.  #Shorts #Movie #Movies",PT20S,en,5343385,389278,2026-01-16T13:41:15Z
Comedy,23,5FYpdBVK83Y,Cette MOTO pourrait bien EXPLOSER 😂💥 #humour #fyp #viral #pourtoi #drôle,Sarge Rediffusions,UCkPkpni62zdfSRy3mhlfReg,"Dans cette courte caméra cachée hilarante de l'humoriste française Jean-Yves Lafesse, un homme inconnu, alors à l'arrêt sur sa moto, va être approché par Lafesse qui lui posera la question de à combien sa moto pète. Une fois la question répondue, Lafesse va prendre ses distances avec le véhicule comme si la moto allait réellement exploser.  #shorts #shortsyoutube #blague #caméracachée",PT15S,fr,109601,2174,2026-01-18T15:00:10Z
Comedy,23,vEuHwGwH9gk,"""Elle tente d’enlever un enfant… la vérité choque la police""",FILM.fr2,UCMu2V0MiaFrSJLZL1uo16Sg,"Une femme affirme que l’enfant qu’elle voit est son fils, un bébé qu’elle croyait mort depuis des années.  Mais quand la police décide d’ouvrir la tombe, la vérité dépasse tout ce qu’ils imaginaient.  Une histoire bouleversante sur le deuil, le déni… et une révélation choquante.",PT1M51S,fr,703984,41020,2026-01-14T18:35:53Z
Comedy,23,jXkhv8CQZo8,It’s cute when teachers interact with students 🤣🤣🤣#funny #funnyvideos #schoollife #teacher #fyp,Hường   2,UCm5btVvu74dwHwWV5b6HW9A,,PT58S,en,23419151,777174,2026-01-08T11:59:34Z
Comedy,23,f64CRc8-95U,"PTDR l’excursion au placard…l’abus d’alc*ol est dangereux pour la santé, à consommer avec modération",Clément Massol,UCgLeUOmOgw7PxV8yB5SiAKA,,PT1M3S,fr-FR,128645,8642,2026-01-19T17:01:11Z
Comedy,23,elYW8zaMy8A,Christophe Lambert est-il myope ? #Shorts #INA #Ardisson #Arditube,INA Arditube,UCNBD4uZG6nWH2MMdgGESisw,"👉 Un Christophe Lambert comme vous ne l’avez jamais vu : sincère, drôle et sans langue de bois.  Abonnez-vous @InaArditube 🔔 Activez les notifications 🔔  Tout le monde en parle | France 2 | 11/10/2003       Abonnez-vous aussi à : @Inasociete @InaOfficiel @Inahumour @InaArditube @INAMireilleDumas @Inaculte @Inahistoire @Inapolitique @Inareportages  ****** info sur les commentaires ****** Sur les chaînes YouTube, vous êtes libre de donner votre opinion, fût-elle critique. Pour assurer la qualité du débat, nous vous demandons toutefois de toujours rester calme, poli et respectueux des autres commentateurs. Le prosélytisme, les propos grossiers, agressifs, irrévérencieux envers une personne ou un groupe de personnes sont proscrits. Tout commentaire insultant ou diffamant sera supprimé. Nous nous réservons le droit de bannir tout utilisateur qui ne respecterait pas les règles de la communauté. *******************************************************************  Images d'archive INA  Institut National de l'Audiovisuel  http://www.ina.fr  #INA #Arditube #Ardisson",PT20S,fr,85348,988,2026-01-19T16:05:41Z
Comedy,23,b8FoAjzIv6Q,Dr House peut-il détecter si cette fille ment ?#shorts #viral #trending #shortvideo,Magmaron Moive,UCzT-sG3n1VFJwJgNrS2eAiQ,,PT57S,fr-FR,126848,7605,2026-01-19T08:33:40Z
Comedy,23,a7HbI8T5RhQ,Désolé les Théophile #pourtoi #humour,enzolefrere,UCjFNWT9ehGtXMc4J7rhBrpA,,PT1M13S,fr,256370,18605,2026-01-17T01:08:36Z
Comedy,23,JtV8PdRXACw,Elle était pas prête  🤣😅 #family #humour #fun,familleenxl,UCJsxCFwSEejhVQH644dTvTQ,,PT1M18S,fr,323699,20569,2026-01-16T16:45:01Z
Comedy,23,hm05eYaGoO0,Don't Sit In The Wrong Chair!,Topper Guild,UCPuEAY09CtdTzFNWuqVZgDw,,PT59S,en,69542003,2137950,2026-01-09T17:40:15Z
Comedy,23,16A76WY5H2g,Vous avez la ref ? 😂 #ONDAR #Artus #MichelGalabru #sketch,On n'demande qu'à en rire,UCIkYvjt9MFLY0gmYlpt-Z2w,Retrouvez-nous sur https://facebook.com/ondarofficiel,PT35S,fr,788292,17028,2026-01-11T09:00:05Z
Comedy,23,psUH35qooGY,"Je teste le kaki à la Russe, j’suis pas serein 😅😂 #test #food #degustation #challenge",Resfeezy,UCQ9XKJw4IpmhMv4sg8izL9g,,PT1M32S,fr,373297,20292,2026-01-17T11:49:37Z
Comedy,23,I9TBoWAib8E,Qu'est-ce que tu penses?🥺#YoutubeFrance #InstaGoo #Humour #Comedie #Paris #shorts #Newvideo #Viral,ChronoGambit,UChSATtQGCPPqCqqHYhzeuPQ,,PT58S,en-US,728331,21137,2026-01-12T17:08:00Z
Comedy,23,SR9TedV3etU,POV : Cet élève qu'a eu la fève à la cantine et qui prend son rôle de roi trop au sérieux #pourtoi,Shayvise,UCz7ShQpuDi_cb7UznKVW2lA,"Une collègue a vraiment vécu une situation similaire oú un élève est venu toquer avec sa couronne 🤣🤣 (évidemment, c’est de l’humour et cette situation n’est pas à reproduire) #humour #pourtoi #foryou",PT1M5S,fr,222186,21964,2026-01-19T18:00:00Z
Comedy,23,CGzVZ46p8E4,Elles doivent compléter les Expressions Françaises 🇫🇷😂,simbaqs,UCdVvFbtXyArFrzS94DVruEQ,,PT1M4S,fr,1102092,36677,2026-01-10T09:00:14Z
Comedy,23,wpkxsualPak,"Academy Awards 2001, Ben Stiller turned a deliberate stage malfunction into an iconic live-TV moment",Teardrop Cinema,UC9abyS2n080r1ojueClCPgQ,"While presenting Best Makeup, a platform was meant to lift him fully onstage — but it stopped at chest height, leaving him awkwardly trapped. Instead of rushing or breaking the illusion, Stiller leaned into it, delivering his lines deadpan while physically embodying the idea that makeup is only meant to be seen from the neck up. The timing, restraint, and total commitment sold it as effortless comedy, and many viewers assumed it was an unscripted failure. It’s still remembered as one of the smartest examples of using a “malfunction” — real or staged — to elevate a joke rather than distract from it.",PT54S,en-US,10169785,560763,2026-01-13T19:08:48Z
Comedy,23,JNNpDMxKxjE,Il a pas compris ce qu’il lui ai arrivé 😂,Oce_yann,UCXvftANIXoTsY6xiCXZBLmw,,PT1M1S,fr,113257,3690,2026-01-19T17:32:57Z
Comedy,23,V0Jm7gRZoqQ,Eminem KNOWS Rhymes for The Word Orange,Find My Positivity,UCAUxeQ5cT2Hg94fuavbG6WQ,"Eminem KNOWS rhymes for the word orange 🍊 do you ?   Tired of polished motivation and empty quotes?Bored of noise that says nothing?  This page is about real moments.Iconic people. Hollywood chaos.Smart minds saying dumb things. Funny truths. Real freedom energy.  If that speaks to you, 🔔@findmypositivity. And if you want to go deeper, I write one honest letter every week.It’s for people who think, feel, and actually pay attention.  Comment “LETTER” or hit the bio to subscribe.Perspective changes everything.  #findmypositivity #positivevibes #eminem",PT43S,en-US,3326021,165930,2026-01-19T08:03:44Z
Comedy,23,1poe_wG0rQM,Maria … Serial trompeuse  #famille  #couple #standup #humoristefrancais,Nino Arial,UC_3PmpXhpgfBXuFHWaTrTfA,"Peut on avouer publiquement d’avoir trompé comme ça ?   C’est le retour de Maria, la sexagénaire libérée qui ose tout dire et tout faire.   Et cette fois ci elle nous avoue avec beaucoup d’humour qu’elle a beaucoup trompé ses conjoints au cours de sa vie.   Vous me connaissez, je ne suis pas du genre à juger alors je m’en amuse, après tout, chacun sa vie.   Encore un moment plein de bienveillance et d’humour. Les blagues avant tout.   #humour #standup #humoriste #impro #spectacle  🎟️ En spectacle dans toute la France 🎟️ https://nino-arial.fr",PT1M45S,fr,269217,11252,2026-01-15T20:00:03Z
Comedy,23,sLpVAe8nncQ,Il m’étonnera toujours 🤣🤣 #humour #drole #rire,Mirsou,UCyBuwm6oedLlJ0UiNHMCn0g,,PT16S,fr,714676,12716,2026-01-13T20:37:21Z
Comedy,23,X6qCgudWELw,Florence Foresti   Anne Sophie de La Coquillette calme les ardeurs   On a tout essayé #shorts,On a tout essayé,UCwCjWcHWBH4o-ZcSKz5u6Hw,On a tout essayé,PT57S,fr,102384,2815,2026-01-18T23:00:43Z
Comedy,23,9S6hEaM_YeA,🎬 Animal Control (S2E3) — “Service Dog… Really?”｜Beach Patrol Mix-Up 🐕😬🌊#shorts,PulseFrameEdits,UC0rWEbzgY-WlVF6r4QZCgVg,"Patel and Templeton patrol the beach. 🚓🌊  A woman walks by with her dog, calm and confident. She says the dog is a medical service dog. 🐕‍🦺  Templeton asks for proof.  She left it at home. 😐 Decision made.  The dog goes back to the station. 🏢🐾 Then everything flips. 😳  Someone suddenly collapses.  Before anyone reacts—  the dog springs into action. ⚡ Water.  A blanket.  Perfect instincts. 🥤🧣 No commands needed.  No hesitation.  Clearly trained. Clearly smart. 🧠✨ Patel and Templeton exchange a look.  Awkward.  They might’ve gotten this one wrong. 😬😂  This video is a non-commercial fan edit created for educational, commentary, and cinematic appreciation purposes under Fair Use (17 U.S.C. §107). All rights and materials remain the property of their respective owners. If any copyright concerns arise, please contact me for prompt review or removal.",PT53S,en-US,15127122,586451,2026-01-14T16:04:00Z
Comedy,23,H6i-GHxBl4w,🔴 Situation n°040 🔴,Le Mec,UC5erPCDvZuXOq_CpCPl2K5Q,🔴 Situation n°040🔴  🎥 Crédit :   #motivation #citationdujour #mindset #focus #sigma #netflixfr  #film  #action  #movie  #actress  #story,PT1M,fr,1510314,100778,2026-01-08T22:27:54Z
Comedy,23,1qMpI0bmN7I,#คู่รัก #ตลก การโพสต์แบบวนซ้ำอีกครั้งเกี่ยวกับ #ความรักของพี่น้องบียอนเซ่ ในแฮชแท็ก #พี่น้องบียอนเซ,คู่รักกินกันอย่างสนุกสนาน,UCODmw0nGsaRhrTmqh_GIXSA,"ยินดีต้อนรับสู่ช่อง ""คู่รักกินกันอย่างสนุกสนาน""​ 🌶️🍚 ที่นี่เราพาไปสัมผัสชีวิตจริงของ ครอบครัวอีสาน​ แบบเรียบง่ายแต่เต็มอิ่มไปด้วยรอยยิ้มและความอบอุ่นใจ ไม่ว่าจะเป็นมื้ออาหารประจำวัน 📅 หรือช่วงเวลาสนุกเฮฮาในครอบครัว ทุกวิดีโอของเรามีความสุขเล็ก ๆ ที่อยากแบ่งปันให้ทุกคนได้ยิ้มไปด้วยกัน 😊💖 เราชอบฟังความคิดเห็นจากคุณมาก ๆ ทุกคอมเมนต์และทุกไลค์คือพลังใจ​ ที่ทำให้เราอยากแบ่งปันชีวิตดี ๆ ต่อไป ❤️ 📢 ชอบชีวิตครอบครัวแบบเราหรือเปล่า? มาสนุกด้วยกันนะ!​ 👉 กดติดตาม​ พร้อม 🔔 กดกระดิ่ง​ 👉 แชร์ความในใจ หรือแนะนำอะไรก็ได้ใต้คลิป 👉 พร้อมแล้วก็ออกเดินทางไปกับเราได้เลย! 🎉 ขอให้สนุกและมีความสุขไปกับทุกเรื่องราวของครอบครัวอีสาน​ 🍽️ กินอิ่ม ยิ้มเยอะ อยู่ด้วยกันอย่างอบอุ่น​ ทุกเนื้อหาได้รับการอนุมัติจากผู้สร้างในจีนแผ่นดินใหญ่ และดำเนินการภายใต้ข้อกำหนดของแพลตฟอร์มอย่างเคร่งครัด ✅",PT11S,th,2915813,35701,2026-01-16T08:00:03Z
Comedy,23,JbfzOQfXsPY,Pranking my family 🤣family prank scared funny funnyvideos funnymoment,animalsjokegenerator,UC69hZRrM-Z6Uex43cVcMvYA,Pranking my family 🤣#family #prank #scared #funny #funnyvideos #funnymoments #fyp #foryoupage #usa  🔗 Original TikTok: https://www.tiktok.com/@animalsjokegenerator/video/7528216804666150175  #Shorts #TikTok #Viral,PT2M7S,en,7139691,181328,2026-01-17T11:31:02Z
Comedy,23,AHry1wXThMU,#denzelwashington,ItsJustOlaf,UCgYkyYb1sy59_SX9_WZaHgQ,,PT15S,en,9295687,113523,2026-01-16T16:02:59Z
Comedy,23,lTwOPYyseTM,Netflix remix #mercuri_88 #littlebrother #fyp #funny #comedy #xyzbca #viral #trending #tiktok,Laceneva Nedi,UCigO8jqImEzzBZQpuTcUQZQ,,PT16S,en,11458268,104453,2026-01-13T09:08:12Z
Comedy,23,hVhKtRNacRE,Tu dois choisir ta sœur 😱😭,Lionel,UCXK2J35NiGK5PGFhTQsxs_w,,PT1M9S,fr,214220,15563,2026-01-20T18:58:29Z
Comedy,23,JlguLb24Pug,J’ai le pire superpouvoirs… #drole #humour #sketch #yasiru,Humburg Khov,UCifl7CapJF_AEC8E-QlwFxQ,,PT37S,fr,509028,12637,2026-01-15T03:58:06Z
Comedy,23,o6PyLzPrdVI,Artes Incríveis no Rosto #artes #humor #shorts,Arte que Fala,UCRFbF655AZw37hQN6SD9TPg,,PT53S,pt-BR,6937908,188557,2025-12-30T16:30:21Z
Comedy,23,W49oxffKN3M,When the voice actor arrived at the police station | Police Academy#shorts #viral #viralvideo,Sirenith Frame,UCkFgAuCTBfDAqiI6sDYE2gQ,"Complete edit produced using DaVinci Resolve   Edited by: Sirenith Frame  This edit is entirely original and deeply reimagined—no content reuse.   All footage was meticulously sourced and crafted from scratch, featuring unique transitions, custom color grading (CC), effects, and narrative techniques to ensure complete originality.    ➡ If you enjoyed this edit, please like, comment, and subscribe for more high-quality content!  #Movie #Comedy #FunnyMovies #HilariousMoments #MovieClips #4K #DaVinciColorGrading #Editing #VynexEditing #OriginalContent",PT57S,es-ES,37895676,1158805,2026-01-12T03:43:30Z
Comedy,23,P8O9nQG6qx0,"Arnaud Ducret, roi du beatbox ?",C à vous - France Télévisions,UCejTWYquMXD_MFHRZiqo_Aw,"Le moustique, la voiture, la mobylette : Arnaud Ducret, le roi du beatbox, explique comment ce talent lui a une fois “sauvé la vie” dans un bus 😅  Abonnez-vous 👉 https://bit.ly/cavous_youtube  🔔 Et activez la cloche pour ne rien rater 😃 #CàVous : le rendez-vous de celles et ceux qui font l'actualité politique, économique, sociétale et culturelle  📺 Pour (re)voir l’émission entière, d’autres et leurs meilleurs passages : 👉 C à Vous : https://bit.ly/cavous_replay 👉 La Suite : https://bit.ly/cavous_lasuite_replay  📲 Suivez-nous sur nos réseaux sociaux : | Facebook : https://www.facebook.com/cavousf5/ | Instagram : https://www.instagram.com/c_a_vous/ | X : https://x.com/CavousF5 | TikTok : https://bit.ly/cavous_tiktok",PT1M,fr,125968,1635,2026-01-18T10:00:00Z
Comedy,23,k7pLd2LdYeI,MOM will NEVER FORGIVE her...😂,WigoFellas,UCZJXPmoPwJ0VM7aY2vWKwdA,,PT17S,en,2945953,33820,2026-01-18T14:45:06Z
Comedy,23,2kSe55xEeWk,"💍 If She Loses, She Has to Marry Me 😱#couplechallenge #highstakes",Pipokinhas,UC5ZAl5dnPzVDQ6PnQS780XQ,,PT59S,en,25328873,899310,2026-01-16T18:33:55Z
Comedy,23,ev-tPfMyv8M,Alors du coup on fait quoi ? Est-ce que Sac de riz suit Anna ou est-ce qu’il reste avec ses potes ?,Lennon,UC4gV_ujKk_07ypEqSJtEBeg,,PT57S,en-US,125976,5886,2026-01-19T16:01:04Z
Comedy,23,2aUjPOhXyRE,L’âge de ma femme : la question piège du comique 😂 - CI,Rires & Prime,UCBDIL6luOaVTOEAw2zICwqQ,"🎬 Bienvenue sur Rires & Prime ! Retrouvez ici les moments cultes de la télévision française : sketchs hilarants, soirées mythiques, archives inoubliables et les plus grands noms de l’humour. Des classiques comme La Grosse Émission, Les 100 plus grands, Enfants de la télé ou Samedi soir en direct vous attendent !  👉 Le meilleur de la TV c'est ici sur Rires & Prime ! Abonnez-vous 👉 https://bit.ly/41EWGzg  #RiresEtPrime #HumourFrançais #TVCulte #SketchsTV #Nostalgie",PT20S,fr,105615,2940,2026-01-18T06:00:03Z
Comedy,23,6Vj9wh5dZAo,Tu trouves ou 🤣😂#shorts #anime #funny #animisme #fypシ゚viral #memes #challenge #music #humour #100,DOSKI CC KILLER,UCOWh5My3_jnbRvIKvjuxKdw,,PT24S,fr-FR,262675,4225,2026-01-16T15:05:42Z
Comedy,23,67jyMIncwoo,Por favor comparte con tus amigos #pov #herramientas #sketch #gr (11),oshr,UCKByKn5AoN2wlVrHDvK3Ckg,,PT43S,fr,1844237,50244,2026-01-08T09:10:10Z
Comedy,23,7O8NdsVfcoo,Streetfight escalates 🤯#mrsus #comedy #fail #beef #prank,patroX,UCrk1WJ0w3ay2uTjWTDe7uuA,,PT14S,de,16498201,147664,2026-01-11T17:28:18Z
Comedy,23,PnMRIzkK_Io,"For four dollars, Sheldon once again put his intelligence to use #movie #edit",FuturePunk Recap,UCGHAIgai77XMWc-bR3iQK-Q,"For four dollars, Sheldon once again put his intelligence to use ❤️ | Young Sheldon Season 4 (2020) Edit | frag (TikTok Remix) Slowed #edit  Movie: ‌Young Sheldon Season 4 (2020) Music: frag (TikTok Remix) Slowed Editing program: After Effects 2024  #shorts #edit #movie   All rights reserved All videos, songs, pictures and charts used in the video are the property of their respective owners. Neither I nor this channel asserts any rights for them.  Copyright Disclaimer: According to Article 107 of the Copyright Act of 1976, fair use is permitted for purposes such as news reporting, teaching, academic and research. Fair use refers to the use permitted by copyright law; otherwise, it may constitute infringement. Non-educational or personal use will tip the balance of fair use in favor of fair use. -- -- -- -- -- -- -- -- -- - - - - - - - - - - - - - - - - - - - - - - - - - - - - - - - - - - - - - - - thanks for watching... !!!!! ❤ ️!",PT2M30S,en-US,13630224,1357505,2026-01-18T17:23:38Z
Comedy,23,X9mjhJkk-UQ,COMMENT FAIRE PASSER LES MAUVAISES NOTES 😏,islmic-love,UCbCskzXUgZjXAMc0ml_BXng,,PT42S,fr,468906,15786,2026-01-14T10:17:43Z
Comedy,23,0CoVmyru_Oo,Leslie Nielsen in Airplane Never Gets Old,Valathor,UCO41LQMnEzCFUgGB_QLVPLQ,I laugh at the same moment every time. Leslie Nielsen’s calm delivery makes the scene even funnier,PT42S,en,7848402,248736,2026-01-16T11:40:00Z
Comedy,23,drDSHAapZ70,Looks more convincing than The Flash movie,ReLike Vibes,UCzrTsagimO8Ao2qCRnVPUHA,Credits -,PT12S,en,9135315,356635,2026-01-10T07:30:24Z
Comedy,23,TpZ6C433GSc,See how many obscure animals from Zootopia 2 you recognize! #zootopia2 #zootopia #zoo #wildehopps,🎀Nastasia🎀,UCrPFb8cPJGCh_z0NznNWMEQ,,PT18S,en,23151409,452215,2026-01-11T06:17:00Z
Comedy,23,HsQlJVIGVvY,J’en suis sûr que c’est une classe de 2007,Ramirezpatriciayreqv,UCVp6J9EOFZXdSK-2H4j94fA,,PT59S,fr,254983,5744,2026-01-18T02:53:23Z
Comedy,23,8FpScCUHnw4,WE CAN’T BELIEVE WE JUST HIT 18M FAMILY MEMBERS! 🥹😭🥰,Cadel and Mia,UCGvGMmyEWp9hxDqmfLJbpkQ,,PT25S,en,5472821,131670,2026-01-18T10:30:09Z
Comedy,23,q6NTBdTIkpU,#pov #skit #funny #acting #story#fyp #foryou#foryoupage #fypシ #fypage #duet #viral #tools,saffron,UCff4eAOOSL2PMivKGieMU7w,,PT1M4S,fr,227157,7573,2026-01-17T02:55:32Z
Comedy,23,OkU99JFmX24,nagnagna🤣 #partage #partage #humour #funny #police #conseilsauto #automobile #voiture #auto,CLAPUCHKAPLAY,UCGWa2iNqc5SN39lGVLTADfg,,PT15S,fr,157713,1601,2026-01-16T11:18:14Z
Comedy,23,RHFOu4MGqOI,J’ai raison?😅 #humour #blague #viral #comedy #foryou,JLCartier,UCRivJhqFU2fIDHWTWP3_XuA,,PT33S,fr,217209,9565,2026-01-16T19:35:24Z
Comedy,23,6WmIaAzNj3M,New Comedy Remix😂What's your Favorite Number??.mp4,ISSEI / いっせい,UC6QZ_ss3i_8qLV_RczPZBkw,"This video is fictional!!  Welcome to the energetic and funny ISSEI Channel!! Please subscribe if you like this videos, and hit the Like button and Share! Stay tuned for more amazing contents!   - Smile and Love from Japan -  #shorts #issei #issei0806 #meme #reaction #trending",PT26S,en,7148943,144366,2026-01-20T09:00:00Z
Comedy,23,kT6gJ7WGcz8,Ranking The Best Situation Draw 😂,SpiritRank,UCjvK4AxhYGwAYy_OYOMCuWg,Subscribe for more funny videos  #drawing  #ranking #tiktok #funny #thisistheend #funnymoments #australia #canada #uk #usa #scribble #top5 #rankingmoments #unitedstates,PT53S,en-US,12134297,791559,2026-01-15T15:42:09Z
Comedy,23,yt9bSYA0b4g,#chat #snapdrole #humour #chatstory #cat #memechat #drole #funny #animaux #animals,Niche2quizs,UCmKVEDNThEWjS-gXPr2Uqog,,PT1M3S,fr,125840,8585,2026-01-19T19:59:18Z
Comedy,23,2u7cFasb8qo,They broke into the wrong house💀🔥 | Once Upon a Time in Hollywood #edit #shorts,Linnea Cut,UCXA96OX1_p3vfjaekivBxBg,"They broke into the wrong house💀🔥 | Once Upon a Time in Hollywood  #movieedits #film #movie #action #edit #shorts #aftereffects   Music :  Montagem Impacto(slowed)   Movies : Once Upon a Time in Hollywood  Editing Software: After Effects 2023  ⚠ Fair Use Disclaimer: This video contains copyrighted content, including images, video, and music owned by their respective creators. We do not claim ownership.   This content is used under Section 107 of the Copyright Act 1976, which allows ""fair use"" for commentary, criticism, education, and non-commercial use.  Thanks ALOT For Watching!!!",PT1M,en-US,8691339,437739,2026-01-15T12:57:00Z
Comedy,23,DV7KkBnmrOQ,La politique c'est comme un péage d'autoroute ! - La semaine de Naïm,NAÏM,UCL5WDPEm30nG6kkBmF9bfig,"Nouveau spectacle Chapitre 3 en 2026 🔥 Toutes les dates  : https://www.naim.art/ Soyez mes invités pour Chapitre 3 : https://forms.gle/qtNoX5Ra4AjBFoYT8   Abonnez-vous à ma chaîne pour recevoir mes nouvelles vidéos, et suivez-moi sur mes réseaux :  ➡Facebook : https://www.facebook.com/naimakalamine/ ➡Twitter : https://twitter.com/Naim_Lamine ➡Instagram : https://www.instagram.com/naim.lamine/",PT1M51S,fr,88151,8536,2026-01-20T17:24:06Z
Comedy,23,Xw28kyjBCmU,#movie The Sharp Cop’s Hunch | How A Cop Knew The Store Was Robbed Without Being,Cindy,UC4OdCWJnM4xOEdQK85qRM7g,"Ever seen a cop who can sense crime just by having a casual chat? In this scene from the heartwarming comedy ""It Could Happen to You"" (1994), starring Nicolas Cage, we see Charlie the police officer do just that. The film is famous for its story about a lottery ticket and an act of kindness, but this moment highlights Charlie's intuition and connection to his community in a different way.  Watch as Officer Charlie (Nicolas Cage) walks into a store, perhaps for his morning coffee, and strikes up a routine conversation with the owner. Nothing seems out of the ordinary at first. But through subtle cues—maybe a nervous glance, an item slightly out of place, or the shopkeeper's tone—Charlie pieces together that something is very wrong. He realizes the store has just been robbed, all without the owner explicitly saying a word.  Why This Scene is Great:  Character Insight: It shows Charlie isn't just a ""nice guy""; he's an observant and competent cop who cares about the people on his beat.  Everyday Heroism: It's a moment of low-key, smart policing that doesn't require a chase or a gunshot.  Human Connection: The scene likely hinges on Charlie's ability to read people, which is central to the film's theme of kindness and human connection.  This quick, smart moment is a great example of how movie heroes can solve problems with their wits as much as their actions.  👉 What’s your favorite “smart detective” moment in a movie? Share in the comments below!  Don't forget to: 👍 LIKE this video if you enjoy understated, clever character moments! 🔔 SUBSCRIBE and hit the bell for more scene breakdowns and hidden gems from classic films! 🗨️ COMMENT and let us know what other movie scenes you'd like us to analyze!#MovieScene #FilmAnalysis #ItCouldHappenToYou #NicolasCage #ComedyMovie #1990sMovies #PoliceScene #CleverCop #MovieBreakdown #ClassicFilm #FilmClip #CharacterStudy",PT42S,en-US,11763627,1076061,2026-01-17T12:33:09Z
Comedy,23,DGfQq70mmPw,Fin de carrière pour ce chroniqueur de Frontières 😂 – Le journal du droitardisme #01,Glupatate,UCE38FJeWDQ-ViY6buSKWoJg,Fin de carrière pour ce chroniqueur de Frontières 😂 – Le journal du droitardisme #01  #droitardisme #glunews #frontières #alcool #shit #edit #glupatate,PT2M59S,fr,223479,18877,2026-01-19T06:20:05Z
Comedy,23,BAhNtPAJOio,"En France, on sait bien revendiquer ses droits 😂 | PEP's #shorts #peps #humour",funnyDaphne789,UC2Ab0DOLIMnuYZ-iEfRz8WA,,PT39S,en-US,399953,21838,2026-01-13T13:15:01Z
Comedy,23,qMLm6Ly5XdU,L’imitation est tellement incroyable qu’elle semble incarner Trump encore mieux que l’original,Le Podcast de la Bourse,UCThl4vA0pKxcCu8TCv5T1hQ,,PT48S,fr-FR,576797,29872,2026-01-14T17:31:00Z
Comedy,23,0WpIo2hVppQ,Changement capillaire 😱🥰 Alors vous aimez ce premier épisode ? ✨🙈,Mareva_Kelly,UCVHPBfEnYvkXRIhTTb84grA,#couple #reality #humour #comedyvideo #postpartum #hairstyle #postpartum,PT1M11S,fr,213589,16068,2026-01-16T20:42:52Z
Comedy,23,uYam6c223-o,Le slime le plus Grand du monde a finit dans les canalisations 😱😭,benoit_chevalier,UCTb3KFXkJpdvLku09Ly9dkg,,PT34S,fr,432395,13516,2026-01-13T20:15:05Z
Comedy,23,MCzTQsbQE1c,Marine Le Pen magistrale sur Lecornu,10minutesl'actu,UCgcfP8dO-EN5Wl2SRfnBp9w,"▬▬ ✅ ABONNE-TOI & REJOINS LA COMMUNAUTÉ ▬▬ 👍 Like la vidéo si tu as appris quelque chose 💬 Dis-moi en commentaire ce que tu en penses 🔔 Active la cloche pour ne rien rater des prochains débriefs   🐦 Suis-moi sur X (Twitter) :  https://x.com/10minuteslactu 🎵 Découvre mes formats courts sur TikTok :  https://www.tiktok.com/@10minuteslactu 🎵 Instagram : https://www.instagram.com/10minuteslactu/  Merci de ton soutien — à très vite 🚀 Cette vidéo contient de courtes citations. Utilisées à des fins d’analyse et de critique, conformément à l’article L122-5 du Code de la propriété intellectuelle. Tous les extraits restent la propriété de leurs ayants droit.",PT35S,fr,107882,5822,2026-01-19T05:00:34Z
Comedy,23,iRsQdigFJ_U,Je t’aime… bien.,Odah Sama,UCJefQ77F9ZyExcjDOZNleBw,,PT1M30S,fr,217527,4903,2026-01-16T07:14:05Z
Comedy,23,0WWZVfAcDT4,Je vous dévoile la vérité #dance #snapdrole #humour #motivation #spotifyclone #nasdas #chocolatchaud,Team NASDAS 🦅,UC-2sU9mpGUd1t6O2OG2paVA,,PT26S,fr,162775,6160,2026-01-17T14:43:23Z
Comedy,23,8a5tDaBIubg,سمع امونامي سمع⚽🇸🇳🇲🇦😂😂😂😂😂😂,Botola-IA,UCD5UKh9IzPFB1ZlH62ypzKw,,PT12S,ar,630604,11698,2026-01-19T01:28:02Z
Comedy,23,J4eIYuCsd68,Pour 9 nuggets... il s'est retrouvé coincé ! La honte absolue 😂#shorts #viral #trending #fyp,Tevos Show,UCKB2RE9Jm2d9ad24PFrZpiA,,PT58S,fr-FR,195483,14313,2026-01-17T11:06:00Z
Comedy,23,HnqF0wkqjFM,Le film Mulan est sorti pour ouvrir le parc Disneyland en Chine ?? 🫢,slash,UCguxKRCUwOq97ouGaBMtrQQ,"@superkevintran nous explique l’origine de ce film Disney mythique avec @Maskey   🔔 N'oubliez pas d'activer vos notifications 🔔  📺 Retrouve-nous sur nos plateformes : https://www.twitch.tv/france_tv_slash    @francetvslashtalents     @francetvslashstudio     @francetvslashcauses    📲 Suis-nous sur les réseaux : https://www.tiktok.com/@francetvslash https://www.instagram.com/francetvslash/ https://twitter.com/francetvslash https://www.facebook.com/pg/francetvslash/  Découvre nos séries, documentaires, enquêtes, interviews, et bien plus encore  en streaming gratuit sur la plateforme France·tv 👉 https://www.france.tv/slash  #mulan #disney #truestory #anecdote #shorts",PT30S,fr,84406,1563,2026-01-19T12:00:39Z
Comedy,23,k7uUusFM6tk,Alex Vizorek et Sarah Knafo ont des points communs... 🤣,RTL  ,UCzBoVtUqSyAyr0kF5ABW7gQ,"Alex Vizorek et Sarah Knafo ont des points communs... 🤣 L'Oeil.. et l'humour d'Alex Vizorek le vendredi à 7h55 dans #RTLMatin, face à Sarah Knafo, députée européenne Reconquête ! et candidate à la mairie de Paris",PT58S,fr-FR,179945,2406,2026-01-16T11:30:51Z
Comedy,23,azvphyAwvMU,How Are We Always in Sync?!🤣🤓🤪😍 #funny #laugher #sameenergy #friends #funnyshorts #fyp #comedy,Romanas Katun,UCxdW4W9yWZ2hNSIJq5bo5_w,,PT56S,en,5125908,297814,2026-01-17T00:28:18Z
Comedy,23,iQQeK1KK3PQ,Bruce Lee demonstrates Qigong.#kungfu #brucelee,Kungfu Lee TV,UCgC24fcg9teBDEBDR1vy8ZA,,PT11S,en,4832279,115684,2026-01-17T13:33:09Z
Comedy,23,5ZDqKlyuNAQ,Itzhak Perlman gets TROLLED by Peter Schickele 😂 #Savik6655 #shorts #shorts,Savik,UCn2u_WLOGsTi-9S74GmXvAw,"#itzhakperlman #peterschickele #savik6655 #classicalmusic #musiccomedy #funnymoment #orchestra #violinlegend #musichumor #concertmoment #classicalhumor #musiclegends #stageprank #nostalgia #viralshorts #shorts #short  A hilarious special video mix capturing a legendary musical prank in the world of classical music. In this unforgettable clip, Peter Schickele playfully trolls violin virtuoso Itzhak Perlman during an orchestra performance by intentionally messing up the music, creating a brilliant mix of confusion, humor, and professionalism. A perfect example of how even classical legends enjoy laughter on stage.  🎻 Violin: Itzhak Perlman 🎼 Composer & Humorist: Peter Schickele 🎵 Genre: Classical / Musical Comedy 🎭 Moment: Live orchestra performance parody",PT47S,en,4927590,107535,2026-01-15T14:08:00Z
Comedy,23,dKJLP_V7Woc,Devenir un bon père n'est pas facile surtout lorsqu’on a oublié de coiffer sa fille( Grey’s Anatomy),Mostra,UChGScjNxPpAAxv9A8fxUvzw,,PT1M28S,fr,504050,31634,2026-01-15T03:31:22Z
Comedy,23,kzEI2UgAAkQ,Jeu : devine le drapeau @LaGroupiedAlana #shorts #youtubeshorts #trending #viral #challenge #funny,La Groupie d’Alana,UCFOFS-s9fQ8ujLato-zBHFQ,,PT43S,fr,95192,7834,2026-01-19T12:36:48Z
Comedy,23,pdQPLUgJrOA,#foryou #skit #comedy #shortvideo #funnyimages #fire,Denby3,UC3h5XQ_M5IiTEC2u8Dqxcfg,,PT1M,fr,383187,4836,2026-01-15T08:18:11Z
Comedy,23,04oIyDE1jQ0,L'oeil du Tigre 👁️🐅#macron #emmanuelmacron #brigittemacron #oeildutigre #fyp,Illusions Maker,UCvAq0iFQP6uMVWyEvwa4XgA,,PT11S,fr,140146,3907,2026-01-16T07:13:14Z
Comedy,23,BmqAfdfdRA0,#humour #fyp #funny #comedia #comedy #pourtoi,Hesrw Jerwer,UCDJAgaSo9mC94qNWxDmm8Qw,,PT58S,fr,207973,5333,2026-01-17T14:43:03Z
Comedy,23,AARMlsIs0H0,Quels sont les PIRES films d’animation de ces 5 dernières années ?,WitherX,UCd6FB9w5a46ZueQPgFTn2Gw,【💬】Discord de la chaine : https://discord.gg/zP2za8jZ3F 【🐤】Twitter : https://x.com/WitherX380 【🎮】Twitch : https://www.twitch.tv/witherx380  #witherx #animation #wish #kraken #disney #dreamworks #humour #flop,PT1M3S,fr,146982,12569,2026-01-18T17:39:35Z
Comedy,23,9EgVSdSwDSo,This Cat Did WHAT?! 😮😂 | Funniest Cat Video#cat, Naughty cats,UCvlYzUC4cqL8YcC0ecQTC_Q,"Here’s a ready-to-use YouTube package for a viral cats video 😮🐱 You can copy-paste directly 👇 🔥 Viral YouTube Title Options (Choose one) This Cat Did WHAT?! 😮😂 | Funniest Cat Video You Won’t Believe This Cat 😮🐱 #Shorts Cats Are Built Different 😮😂 This Cat Broke the Internet 😮🐾 Funniest Cat Moment EVER 😮🐱 📝 Video Description (Short & Viral) This cat’s reaction is UNREAL 😮😂 Cats never fail to surprise us with their funny and crazy moments 🐱💥 👉 Watch till the end! 👍 Like 💬 Comment 🔔 Subscribe for more funny cat videos! ⏱️ Video Sections (Chapters) (Optional but helpful for long videos) 00:00 – Cute Cat Intro 🐾 00:05 – Something Unexpected 😮 00:10 – Funniest Cat Moment 😂 00:18 – Cat Reaction 💥 00:25 – Ending You’ll Love ❤️ 📢 Call to Action (Say or Text on Screen) 👉 LIKE 👍 if this cat made you laugh 👉 SUBSCRIBE 🔔 for daily cat videos 👉 COMMENT 🐱 if you love cats 🏷️ Tags (Copy All) Copy code  cats funny cats cat video viral cat cute cats funny animals cat shorts youtube shorts viral shorts pets kitty funny cat videos cat reaction cat meme animal shorts #️⃣ Hashtags (Use 3–5) Copy code  #cats #catshorts #funnycats #viral #shorts If you want, tell me: Shorts or long video? Funny / cute / crazy cat? I’ll optimize it even more",PT1M3S,en,4078398,70826,2026-01-17T02:00:15Z
Comedy,23,zYZJC8UMcik,It was too good to be true 😭,IanGillisReacts,UColSMMK4OxdHqHWpQzDq_Og,#golf #shorts #funny #prank,PT11S,en,4652700,192721,2026-01-17T00:31:04Z
Comedy,23,RTLrVF0mySM,#fyp #pourtoi #humour #enfant #sketch #cambrioler,Liebler Ricker,UCa7jsMaMcsB0xooSbv321pQ,,PT23S,fr,307538,7040,2026-01-15T05:57:28Z
Comedy,23,6_q-4uFZWf0,Professional Artist ❤️❤️❤️❤️,Musa Dalladi ,UCVPN9-Dhqis6Gy67T1RM2vg,,PT29S,en,4698483,120369,2026-01-13T18:20:28Z
Comedy,23,XBxm_oGs1JE,Monitoring FAILED MEME FAILS Compilation,ClipVault TV,UC7CzXI3Xs2NdiGGSpaL49ng,We are LIVE on KICK CLIPVAULT TV  https://kick.com/clipvaulttv Got a funny or crazy clip? Submit it and get featured — you might even win $100. Submit your original clip to be featured on ClipVault TV’s channel and compilations.  https://form.jotform.com/260154790786163,PT1M18S,en,5006350,124340,2026-01-15T03:20:29Z
Comedy,23,ql6jAYHtDG4,Avenger’s sign #shorts,Sagu khas,UCH3v1bY4X1DEsV8oRe2H1Fw,,PT15S,en-US,27338684,298996,2026-01-17T08:23:13Z
Comedy,23,l_iEw9_coqs,Best Tourette Moments 😭,King Kermit,UCEPgw1tBeEf1TCIWGMw1kCw,,PT1M,en-US,9542005,587392,2026-01-14T19:25:51Z
Comedy,23,SJhUr_0sR9U,Purple vs Gold Dog Competition Plot Twist 😂 #kpop,okbang,UCBlLrHIT6k2nMTqrojiTFdQ,,PT36S,en,10082156,264585,2026-01-15T07:29:05Z
Comedy,23,yMq_jvFyekM,Ilyes se fait roaster dans le DJADEL SHOW ÉPISODE 3 DISPONIBLE MAINTENANT SUR YOUTUBE 🤯,Ilyes Djadel,UCQ0ix8RLpGxRXrnNxBRKi1A,,PT1M30S,fr,175519,4513,2026-01-16T17:28:13Z
Comedy,23,rE-9abM0GVo,Pas de répit pour Alice Moitié et Paul de St-Sernin 💀,Kyan Khojandi,UC-6TxFNjRXDwCBicVMmK5vg,,PT1M29S,fr,317684,11876,2026-01-13T17:01:28Z
Comedy,23,u9QrFfOMhrE,essaye de ne pas rire  #humour #humoristefrancais,Bobbywol,UCGU2PVFoThgS92VYquGxsrw,"Bienvenue sur la chaîne Essaye de ne pas rire 😂 Je te partage les meilleures vidéos d’humour TikTok . Ici, le concept est simple : te faire rire… ou au moins essayer ! Vidéos drôles, clips inattendus, moments absurdes, fails, memes et défis impossibles à regarder sans sourire. Chaque vidéo est un nouveau challenge : arriveras-tu à garder ton sérieux jusqu’à la fin ? Abonne-toi et mets ton self-control à l’épreuve 🔔",PT37S,fr,216545,6419,2026-01-17T15:03:12Z
Comedy,23,2HixOiMoI7s,Fallait pas passer devant lui a la boulangerie !🤣 I Le clan partie 27 #film #cinema #comedie #corse,Cinémotions,UCThR2cGvQQeLNanUAQ8CgFQ,,PT59S,fr,57533,2466,2026-01-20T17:00:10Z
Comedy,23,GVZTVq_h_64,Des French Dreamers vivent à 12 dans un petit appartement 😮,SOS ma famille a besoin d'aide ,UCHJsrKhw_nLTzW681yZC4-g,"Tous les épisodes de l'émission SOS Ma famille a besoin d'aide c'est ici 👉 https://bit.ly/3ZuXxRw Pascal le Grand Frère, drames familiaux et conflits parents-ados sont au programme. Abonnez-vous !  © La Concepteria",PT1M15S,fr,228903,8132,2026-01-15T06:00:16Z
Comedy,23,QatH51JEHdU,#relatable #skit #comedy #funny #shorts #pov,Franck Keller,UCd7oFfLYVtNkVs3RmCWAipA,,PT48S,fr,720802,13919,2026-01-11T14:58:34Z
Comedy,23,n2FyLToDujE,POURQUOI CE CLIENT EST-IL ÉTRANGE ?,[L2P] LES 2 PHILANTHROPES,UCEdRJHnA0vrbsAz9hH6jdyw,Abonne-toi pour du bon moment gratuit 😎 (merci)  #shorts,PT50S,fr-FR,516844,52029,2026-01-12T17:30:16Z
Comedy,23,SCrgu7vVG0E,POV: Your Friends Are Your Biggest Enemies😭😂 #shorts,Pretty Romantic,UCrvdMsIjkBv5VPUMZjSojaA,,PT15S,en,4976359,101145,2026-01-15T01:00:44Z
Comedy,23,rOIAsduDDbU,"OP: CaliforniaShelling Sharkbait, oo ha ha! #fail #comedy #funny #video #humor #life #cringe",Badge502,UCmw_imkgpf55eSOfC4hjxYw,Follow @emtbadge502 and join the family ❤️  OG: Californiashelling  Please..leave the ocean life alone I don’t want to respond to this.  #stitch #comedy #ems #emt #fyp #medical #trauma  #emergency #emergencyroom #doctor #nurse #ambulance #BookTok #firefighter #picture #rizz #genz #millennials #taylorswift #comedy #funny #humor #joke #reels #shortvideos #cringe #fail #fblifestyle #ocean #shark,PT15S,en,4995814,190800,2026-01-17T00:00:32Z
Comedy,23,TaEJ6kqeyxs,#funny,SANO ,UCSxm1CWD3C3WcavDXbCqofA,,PT18S,fr,64675,2225,2026-01-19T21:23:14Z
Comedy,23,oBC2n9fygNQ,Tom Holland Reacts To Viral videos part 134#tomholland #funny #reaction #entertainment #memes #viral,@Tommemefun00x,UCWnw1A8hr4Q1YvfjA5GUlqg,Tom Holland Reacts To Viral Videos part 134 || Best reaction funny video Tom Holland 2025  Subscribe:- https://www.youtube.com /@tommemefun00x/?sub_confirmation=1  Become a Member:- https://www.youtube.com /‎⁨@tommemefun00x/join   #tomholland #funny #reaction  #memes #tomholland #funny  #reaction  #memes  #explore  #entertainment  #prank  #respect  #sigma  #fail  #trend  #viral  #shorts  #cover  #spiderman  #america  #amazing #funnyvideos #funny #funnymemes #memes #comedy #meme #memesdaily #viral #dankmemes #fun #explorepage #tiktok #lol #trending #instagram #explore #love #follow #jokes #instagood #reels #humor #funnyvideo #comedyvideos #funnymeme #funnyshit #like #laugh #viralvideos #memepage#fxyoeditz #kiliyekiliye #fxyoeditz #flyxo #vaishalichaudharykhutail #uttarakhandirasoi #saanandverma #DuckRescue #CuteAnimal #AnimalRescue #DuckAndCat #TrueAnimalBond #DucklingHero #EmotionalAnimalStory #CuteDuckling #CatRescue #UnlikelyFriendship #DuckAdventure #HeartwarmingAnimals #InjuredCat #DuckSavesCat #KindnessInAnimalsTom Holland' FUNNIEST React  part 14#tomholland #funny #reaction #entertainment ‎⁨@MrBeast⁩  #memes Tom Holland’s funniest moments are back again! 😆 Part 11 is here — Can you stop laughing? Watch till the end for the best one! #TomHolland #FunnyReaction #Shorts #Tomdaya#TomHolland #FunnyReaction #TomHollandReactTom Holland Reacts To Viral Videos part.. 9|| Best reaction funny video Tom Holland 2025  Subscribe:- https://www.youtube.com /@tommemefun00x/?sub_confirmation=1  Become a Member:- https://www.youtube.com /‎⁨@tommemefun00x/join   #tomholland #funny #reaction  #memes #tomholland #funny  #reaction  #memes  #explore  #entertainment  #prank  #respect  #sigma  #fail  #trend  #viral  #shorts  #cover  #spiderman  #america  #amazingAmerica crazy funny video  #funny #entertainment #axplore #memes #shorts #trending  #Tomdaya #TryNotToLaugh #CelebrityReact #YTShorts #ShortsVideo #ViralShorts #ReactWithTom #funnyvideos #funny #funnymemes #memes #comedy #meme #memesdaily #viral #dankmemes #fun #explorepage #tiktok #lol #trending #instagram #explore #love #follow #jokes #instagood #reels #humor #funnyvideo #comedyvideos #funnymeme #funnyshit #like #laugh #viralvideos #memepage#fxyoeditz #kiliyekiliye #fxyoeditz #flyxo #vaishalichaudharykhutail #uttarakhandirasoi #saanandverma #DuckRescue #CuteAnimal #AnimalRescue #DuckAndCat #TrueAnimalBond #DucklingHero #EmotionalAnimalStory #CuteDuckling #CatRescue #UnlikelyFriendship #DuckAdventure #HeartwarmingAnimals #InjuredCat #DuckSavesCat #KindnessInAnimals,PT19S,en,4974986,144410,2026-01-19T13:00:00Z
Comedy,23,FWzQgU23RHg,#الشعب_الصيني_ماله_حل,idhak m3a ai,UC1jQxMyvNU3JNrwAaQ6Kodg,#فيديوهات_الذكاء_الاصطناعي #ضحك #إشترك_في_القناة #اكسبلور #النظافه #الشعب_الصيني_ماله_حل,PT14S,ar,2870504,33693,2026-01-12T19:24:45Z
Comedy,23,ftrU25p9oLA,Qui d'autres a déjà fait ça? 😅😅#lesenfants,The Cool Teacher,UC452R3t_ZOldzbw7a6Tn_UA,,PT48S,en-US,223965,4159,2026-01-17T08:57:37Z
Comedy,23,Auamy4qyfnw,He didn’t forget. 🤣 #funny #comedy #paulandchris #himor,Paul & Chris,UC5ovzYQiWeU784M10lB7lFg,,PT1M,en-US,9522719,156113,2026-01-16T20:00:09Z
Comedy,23,YcHt_iZRQlg,SORA MALTRAITE SES EMPLOYÉS ?? 😨,Sora,UCoY9dSehUOccMeV06OGmuQA,#sora #employes #alternance #prank #reaction  🌸 Ma marque de vêtements : http://www.hayami-shop.fr  👾 Ma chaîne Twitch : https://www.twitch.tv/sora 🎬 Ma chaîne secondaire : https://www.youtube.com/channel/UCrFnKXzLKT8PMAmbs5jDGkQ 🎮 Ma chaîne rediffusion : https://www.youtube.com/@SoraRediff  📷 Mon Instagram : https://www.instagram.com/sora/ 🐦 Mon X : https://twitter.com/universdesora 🎥 Mon TikTok : https://www.tiktok.com/@universdesora_ 👻 Mon Snap : https://www.snapchat.com/@sorasora_off  👥 Mon Discord : https://discord.gg/soraoff  📧 Mail pro : soramailpro@gmail.com,PT30S,fr,108217,8754,2026-01-18T18:00:38Z
